track_id,bpm,energy,danceability,valence,key,mode,camelot
1Rl9GHgsflyIVqBRyO45Zo,123.8,,,,,,
2PRAvJnWzIFtP97b0XN4FN,107.4,,,,,,
6fsAhTL8kNREO6TubIdZ9F,161.5,,,,,,
7lTJO95ldKZYGV8dwCZxwo,198.8,,,,,,
0fO7yI17D2Kk2atygUJTxK,104.4,,,,,,
7c60ZlUVvg5R0HXHB2R3gX,194.1,,,,,,
42l11XUu7HO6zOh40hVPZC,129.2,,,,,,
4DRXsujReutNX0pAmIpppo,183.8,,,,,,
6qH9Tz6wL2hZ3AuIUSZe8J,169.4,,,,,,
4HfxDJ0uLHTLe0fZrx0MbQ,96.4,,,,,,
5N5fp1lYSORdZbWanACki9,91.9,,,,,,
1gSDTZHemEViEBiXysrlo0,96.6,,,,,,
6GAemDMWAXa8wZOBkO1gar,96.2,,,,,,
7zxMTAuYtI6V6P4O3r0Jfo,95.7,,,,,,
0eEXcw3JLVXcRxYrVYMy68,98.2,,,,,,
7AgMX97ljLm9BzszyyXEYZ,92.5,,,,,,
6aeht0QSwiZN1esYfniHxr,99.1,,,,,,
2Y5f3YbTqkIVv9M6jxfzwN,100.1,,,,,,
3jaEmUzw0Nt4GcyPkWEDCi,93.5,,,,,,
2cE8TW1RiEJoezQv7pbyoa,104.7,,,,,,
3YQCClOSBrbKkeAhmGvkoP,93.5,,,,,,
2MAaiV0bbeq4FpSwPe2rR8,94.0,,,,,,
4DcrZLp19qTdBYqc2bgj3V,172.3,,,,,,
4YCBBxP0AeWPpEwidahrha,98.9,,,,,,
0uAUUNyWyXx6xhKQBKALc1,115.2,,,,,,
6DQtVbl8NaxVsmxirL67Sv,115.2,,,,,,
6DQtVbl8NaxVsmxirL67Sv,115.2,,,,,,
4eqpI1FMneCsdIgSB9ObD5,141.6,,,,,,
51qt5kp9KhlrhiDLBtB6xk,111.1,,,,,,
1VFxEzX8ogSDDfzXje3XOu,138.7,,,,,,
0KEQvGrew2HCWU7ozHB3Zv,116.8,,,,,,
40hU0ocglU8qiS7XTcYHXP,167.4,,,,,,
6Si7KBXvFnDrtQQAF4qmXP,142.6,,,,,,
4uuc5971sDHIIPf2dQNjYK,184.6,,,,,,
4nMVEjZvAEFBYiQJmniYlB,147.7,,,,,,
7jeiBxr3MdzminqAtKouDK,148.2,,,,,,
5hEpHO1Hx4yrAeqBLPnuPQ,168.8,,,,,,
0CsmWiwg0wKJwtj3SvElNq,137.8,,,,,,
5FAacBChaLWMAXNRmM0yrY,104.1,,,,,,
7gd7BDwZWjGXD6CfX7KQcF,187.1,,,,,,
6QWE5mVCTKkViVIFHFBlgz,103.1,,,,,,
0eVnhQNFTRZXOIhHZNLX85,119.8,,,,,,
63wvuPWuliBn775jGiPB7m,105.7,,,,,,
5oiueCPkJCU9wCmQO5HDTj,142.1,,,,,,
1jhluel6ujMGZirTF9aBWN,102.8,,,,,,
57oZ05Syg4Si8UDHHQ35pq,131.2,,,,,,
08wlo8j6WI9Cww3FH9WrK9,197.8,,,,,,
2R6ryTnnqOci2Ms19wMNzB,108.8,,,,,,
5QUCzzLmTzwgEllCIjxX2B,182.9,,,,,,
6uPACMTpeAc1fXbklukaP2,132.9,,,,,,
6Iuhi4wtq3uQrv4VB1mlbr,174.4,,,,,,
2NnAuUilotNwx1BSQP4vvo,185.4,,,,,,
2H5nsVLjDwWsxfyajm0lVS,109.7,,,,,,
07JGWKGhiDcRIy5YrRyiyw,189.7,,,,,,
5cXWEdGDNWgBjPHoJvIL2b,117.8,,,,,,
2CQV3bYELaRADV0Zq48ZfT,191.4,,,,,,
5jW8jD6jaIPZnnPmJE1woY,107.4,,,,,,
4F7U35uKEBnzkI18RUcLiw,97.3,,,,,,
6cxzThwFgdjBZYPjIbQT63,100.1,,,,,,
2hhydanqFAuBshh42p6TFE,175.9,,,,,,
3VbZ1S46fhgHAHT4yIeVY9,130.8,,,,,,
2Y0h14z5Gk6W4Am0COywiM,186.2,,,,,,
0ESt1AIgM31Ls46dxDwWn2,132.9,,,,,,
19YS6l8nSX3HBwemae1HyZ,156.6,,,,,,
0MphnFxbsiTbEUuHcIo3QA,170.8,,,,,,
5si4dKq85jNXC71SqlCSaj,112.7,,,,,,
3LoudraTgQznUCa6n09eyR,145.6,,,,,,
6cB3FkRkWm9iJ3xZJ4Tf9p,147.1,,,,,,
60y7477h7umOqSmOyXuEk0,126.0,,,,,,
3zI1MxYwvge3bTxdB3LOri,132.9,,,,,,
0NGcZJ1IF5PPv9u95QeLXj,110.2,,,,,,
3AsdJX0jmrMVeUbOEmPubM,112.7,,,,,,
0PpxZSnKlI8bE3ZFjFrKG5,136.0,,,,,,
70BtEK4Bn79aW5yh1J6UPa,182.9,,,,,,
0sUpt6ATkrobv22zW9LhJH,116.5,,,,,,
1AaSSwX7ZweyT4gMmtNQnR,132.9,,,,,,
4DKvQAZWxQylfKgLBnhN6D,138.3,,,,,,
1to6gFw7Lt1cYQZlHdpG3F,103.6,,,,,,
5oEjuErhiKBgIFIfoGRPSG,102.6,,,,,,
4rDchBxuIPZqCCZwlLLgIQ,112.0,,,,,,
0fNCDlZ47uRPDM52mkF0bw,108.5,,,,,,
6PGJeqVwXZMfmV3Dumvzc9,178.2,,,,,,
6rFZutIOWS4Ky7QAHxLnqs,110.2,,,,,,
3kUUkrK9cwyvWlXY0prRCn,130.4,,,,,,
13nlPtSTfZF6deAzlovr54,131.2,,,,,,
3uATySzotFZRBIdBzemrRl,187.9,,,,,,
1gfc4mHfhtk1JtaKjzMyWZ,157.8,,,,,,
4YHycDyVVEwqPCwE8CwyaN,119.2,,,,,,
2XN2ffknREqtJR7WxUsWfL,116.5,,,,,,
2Tzl0ummXXkVkJaT95adWb,119.2,,,,,,
3cRy07f4VxvEL0BQcN58FM,123.8,,,,,,
3cRy07f4VxvEL0BQcN58FM,123.8,,,,,,
3awQsj2wDfaISFX47q9fTi,115.5,,,,,,
4VVJXq9ZXxOfDxhLEwVuOy,122.3,,,,,,
5ByN27Jq2LtQIUBpgPybgP,175.2,,,,,,
6Ro2z4RtAUew9Kz2HZWZUi,100.8,,,,,,
7MJgHOKfiffKRPLQTSLlgo,191.4,,,,,,
18lK1qUysT3bdjUZsHFFlb,104.4,,,,,,
5TUs6T93fNFvgQov6MlYkP,132.1,,,,,,
7ihfimLyy6cDFA2HyKrowR,96.2,,,,,,
4vG2cYhMz6Oq4aEKo3GwV1,117.5,,,,,,
5CcM19gH1zYf9NGt3qb7RM,120.2,,,,,,
1YYbnthPxmK8m3fVZ2ZCa9,105.2,,,,,,
6aKxDL6KiKCHYsQyDq7Vgd,98.2,,,,,,
1DtAkEem0OVqwuM6nWH6qQ,160.2,,,,,,
3PeD3ZSwj8V0KkYov2IopF,98.9,,,,,,
5DPyzX3JJXKDYHxpvtbNKo,138.3,,,,,,
742hY2twqAjwNYnKkQdilj,118.5,,,,,,
6r9j7s7eqNipYOeBEqbAZW,110.5,,,,,,
6VZdUa8JjaGF2LGsiRG9lC,119.5,,,,,,
6tqRmQeGuM0n8nrcch3gp0,122.3,,,,,,
6846kcGhkuUtp6vOGyZCBd,110.5,,,,,,
4rMkDtoaC5jCJyUAiBriQT,80.8,,,,,,
7yN5dUXuVQ2frjohFQEd25,123.0,,,,,,
5nXFuJEvxEi2k4MfKUBSZH,84.5,,,,,,
7MOXV5r5Ywcefn0Yp9RxIh,114.8,,,,,,
0N3E0E6C92UKqEvwsGGVKN,92.7,,,,,,
4IjwheUbYaRkoMjrFsmmt9,114.8,,,,,,
45qF2E2smfkrMR47xF5QZy,116.5,,,,,,
1aU3p792I3xE4cbPRK5Z1L,169.4,,,,,,
6s6rL7P25jz0DVMdWGwkBM,131.7,,,,,,
7iUV3SSS7nCPZ5yVEoGbFE,171.6,,,,,,
0tgHVpHNdnUJIeJYQLe9HI,144.6,,,,,,
0GYjv0iCcWkdc4NclS2qwg,154.8,,,,,,
1DlMvkIrN7Rd1LYzy1MXpy,132.5,,,,,,
0SieRhHp1mnsVN8DbGTTuA,130.8,,,,,,
1glIObXLBRwSuGeTBoxcKG,142.1,,,,,,
6XSJQXy5UVcUFxJ6qZBsCg,110.0,,,,,,
7s1RAjj0ReNlRn4ZVBzEif,177.4,,,,,,
2nzkP2GOLROei3I7vx8Vo1,132.9,,,,,,
2GZMuah5B0211TmKFUZAmT,110.8,,,,,,
0NfsU936dW5phVyN10N0FN,100.6,,,,,,
3oQaGiCcyUE6A3sDlk5tKj,110.2,,,,,,
4390J8JMTKKcvulpyQckN8,108.2,,,,,,
6054n07nb77XDERXNERrzO,124.9,,,,,,
4mhOigdD9sBN0vRo2ltbB8,154.3,,,,,,
0hlp160SnsYmXQyPn7vOEa,198.8,,,,,,
62CwLKItrExftm04nk4uh7,116.5,,,,,,
4cuqSZFgSNJLvBOBbjCXIs,126.4,,,,,,
7caY5bQUnQjDdnIxJbtbVe,124.9,,,,,,
6w9g12jpHCPCuvYVX7vLLG,118.1,,,,,,
3vE6VYTG7LytVOvVTc3PBb,127.6,,,,,,
65Nyr5stUO1Pg0NnwulV0Z,128.8,,,,,,
6gykAGQS4WKGmkzkMQ3dCj,119.8,,,,,,
30HyfLK1c5EG4ulRJsfToo,105.7,,,,,,
0WPsU2ixvxUPpXiNt6n5N2,117.5,,,,,,
7jmxjxg0WWkZOMV16HyLOh,109.1,,,,,,
3DnJmpSvBNxngDOBeI5U0B,124.5,,,,,,
1SwyDb5qUcLjukFqSCRqxy,123.0,,,,,,
68k106RP7OXvRRqzbJtzOq,182.9,,,,,,
2tC8WSHOhCjlhOWywvnlQf,113.6,,,,,,
0LqPXq2pKXnydc96PvTK3v,127.2,,,,,,
5inZuM0QACg1whtOy4LRRf,119.5,,,,,,
2dq0tHGklvhMDgGyqgVHmh,117.8,,,,,,
36izwNZ94Ydd8BZrOrhlW1,225.9,,,,,,
23IK8TF2MSiLnuEjaYPfVV,104.9,,,,,,
6qSSABqQCgGYDUdMN2UOl3,132.1,,,,,,
5VJjhHyG8NZ5xdgG6uTb3P,108.0,,,,,,
2WXv5t8wG3V3zCxGrYJtuL,110.8,,,,,,
52i3VeUFbCRk3z8YgBFM7N,136.9,,,,,,
5D9phXwiuJkduWHREzPBtD,142.1,,,,,,
2uTGX4wxnRGS3i0FSOMGCQ,149.8,,,,,,
2OQOYULLeWnGzlGcXQMGLv,126.0,,,,,,
3W7sJgfcVgR3ifmFxid141,101.8,,,,,,
5CLozJK4pKWoPpFf2Z1Mye,120.9,,,,,,
7sP4EhJqFnud6mrG6VbjQx,120.9,,,,,,
3mQTPYezPCB9uUM3WpkIff,112.7,,,,,,
3Z9QZAylEuLHjsYWKf1nDY,97.7,,,,,,
7tsTCswEqkfKjC4uVv2ZAV,175.9,,,,,,
59SImVIHGpCI7eopRwQw4z,162.1,,,,,,
0mALiN51jkF0UfjMBiPZ5g,124.9,,,,,,
04xJ3d7fWRzBDwuyOw4UvC,103.9,,,,,,
5dknvijgexsIkQDeTsnAkN,184.6,,,,,,
6hcuv71fEkYCGz69NieBUD,122.0,,,,,,
4KHRLLcLgtqujmiAkDwWST,195.0,,,,,,
0fUVO6KRTLHOkmFf0NavBq,118.1,,,,,,
29WJfY9ihr5nU6kWJJKlIT,138.7,,,,,,
6oMolJKWnbXvI5rzI7YN1M,121.2,,,,,,
2mmqUU64P1BhJNvH1jtofT,119.8,,,,,,
7i7BZ155mlyApb4xN8oiIP,103.4,,,,,,
5HQ639Z3ms3hnZx0KfWnkp,120.9,,,,,,
7lDo760vksTiXkqzJqNxXF,118.8,,,,,,
41dDygR3r7e926oGUXfrLt,110.5,,,,,,
0XuzMyxDpctWWdJZLqZX5L,113.3,,,,,,
6p0xJTJjGzITE8Sse5ZHkS,132.1,,,,,,
0YnxQSTx3ke3EUxPDPeMEp,141.1,,,,,,
1JZomPw6hxSSYDOUujk0QV,145.6,,,,,,
67R50srXFFUOsFintbhWY6,145.1,,,,,,
6mGs0c7F3WP33qL3Ib0xZh,123.4,,,,,,
2VM3zIDZUgC7QONMybvjrb,114.5,,,,,,
6tW06PZ43UNImZ25OZAec2,141.6,,,,,,
5ubvP9oKmxLUVq506fgLhk,103.6,,,,,,
2JoZzpdeP2G6Csfdq5aLXP,104.9,,,,,,
7mgr6w5hZSoj04nXjfEJi0,190.5,,,,,,
4T5Y25pWs2pVZVcFIqFuf8,123.0,,,,,,
2rVxsVGLFssDfM5B9BUL0K,162.1,,,,,,
6UXXeFqMBGiqjkzQzkMT3E,118.5,,,,,,
0qemIQjSxcKyf42VPfZnfa,109.1,,,,,,
4zK1pYVKMB13es6Bim0muF,146.6,,,,,,
30ZrzK67a7FoDiBfDSlU1x,205.7,,,,,,
4t0Pj3iBnSCZv5pDEPNmzG,105.7,,,,,,
252FQlVe8i1Vv1Y35NfKGf,95.5,,,,,,
6qNCLr8GOZOMZJKjfIhxiE,139.2,,,,,,
5tzCPVBQ5IL2gV6c5XQcjM,154.8,,,,,,
5kfQK1Vb1mKSwzVn32Tarj,123.8,,,,,,
7aMHZ1RGBMByTI1acnqXX4,99.1,,,,,,
1SjqD5q2WvpjOFIklP7sxD,150.9,,,,,,
0Hb2lKzzpKK4VxwER1fF25,154.3,,,,,,
4UqPeeSyRt59KZmC0aA2Ni,149.8,,,,,,
1SjqD5q2WvpjOFIklP7sxD,150.9,,,,,,
09fFNAVcwcXJcXUP7mM4Xe,151.4,,,,,,
0kKpGcvoXroKo1iNO5cDhi,166.0,,,,,,
0Uk4vrQwR4mlEoHBoTp6Q8,116.8,,,,,,
34ldqi7PGvGKjUfDVpkb33,103.9,,,,,,
3iof6EclqePezHDibBiykI,92.9,,,,,,
0sxuPTBCKISLLPCOew1FGw,148.2,,,,,,
0D6mm4kk4lDCSHEynDAYDD,78.0,,,,,,
2Gkf6q9Mqai9wNhcsKCM4e,119.8,,,,,,
5HUt97Ae3t0kOu7SA1Ij9U,178.2,,,,,,
2yQb1Li08Y3S4w6blh2d4K,103.9,,,,,,
4apZOzQ1hdmb4r6ZSPRFQg,153.7,,,,,,
4FG4NcNcP4sFG76suK9sJf,80.9,,,,,,
1xGhGgHqsd3LwVzRJfg3hT,102.1,,,,,,
4N3WKkQhf7vJ6MyDmbbAU4,103.9,,,,,,
7IxEuM3zkP51Qk4zKkugIM,102.1,,,,,,
4wHHWew0HnFGI2yRMM7KBu,102.1,,,,,,
5ptIPKFq6obzhdd4LGwkKS,175.9,,,,,,
78WZPSB2KqUFzMHCriI8iU,110.0,,,,,,
7rGMhR27NA4wprhYKp7bx2,99.9,,,,,,
7IVaiagY41IJOM1ezYaCim,102.1,,,,,,
08BAnEWpQzNFTxGxw0pNi8,140.2,,,,,,
3nT3SHUu9xYL6TGgnLcxiw,109.1,,,,,,
06cFEwGd01CZ71k4a4iUVU,117.1,,,,,,
0xKx1XS3olTX6koIgcgSBE,126.4,,,,,,
6XzbHBAhJU4Jw0MvvyqiJM,123.8,,,,,,
3qc9fGh3MQEe5gSlR5Avij,126.4,,,,,,
5YB4uKCA5DR01nVeWXCOfv,126.8,,,,,,
5Kxfj9BUhLq3rBQ6VhLQPZ,126.8,,,,,,
4ZbAh3oNk5Z58g00tRDEOz,126.4,,,,,,
2wjhM5ZrLbyYZr4bCQ9P5W,128.8,,,,,,
6PRboGLjoAPMPCS49EyQCN,119.8,,,,,,
2FsyipmdfqzzA1P9myWpfi,121.6,,,,,,
1vCBk33l9HaWp5FOnhSGxk,126.8,,,,,,
3koCCeSaVUyrRo3N2gHrd8,124.9,,,,,,
2grjqo0Frpf2okIBiifQKs,126.4,,,,,,
4yiIDipW6PG7F1TxwlUFa2,132.1,,,,,,
2GH5jo15wbTv1Ll7zXEzSg,177.4,,,,,,
4BNhasx75KbS10jHq3VZTz,164.1,,,,,,
3qZHUZTQiTMfJXcUYzY5mT,113.3,,,,,,
4vGQNeWAh2WKPYsqhp5wSg,140.6,,,,,,
2et3mpJMcyE8YoEpM1FUxD,146.6,,,,,,
0RgcOUQg4qYAEt9RIdf3oB,102.3,,,,,,
2GH5jo15wbTv1Ll7zXEzSg,177.4,,,,,,
3cfnGXJ9bmiWvFqEO6ff8B,129.6,,,,,,
2grjqo0Frpf2okIBiifQKs,126.4,,,,,,
3qZHUZTQiTMfJXcUYzY5mT,113.3,,,,,,
4vGQNeWAh2WKPYsqhp5wSg,140.6,,,,,,
5Ykf1427yW4cYXev5lNIUI,113.6,,,,,,
3FAuo7JM27jjL2Wb7C7w72,111.1,,,,,,
57mKOVASTSW6heOcejBPlO,191.4,,,,,,
1WLUo9qFAzCkSzsqDER2ul,195.0,,,,,,
0DvRsCu3DFPYtNVQ8kncxE,127.2,,,,,,
7lq7ra0isAlEgEq7D0kO7c,123.3,,,,,,
19bqLbVdOpwxEE9km68iuO,123.9,,,,,,
0tK9XOutAP5lvwx8qwBl3w,128.2,,,,,,
2o1eP6yVTdCSVsGOYkHXBC,124.9,,,,,,
0E2SgHALFpgjXQlodgRlIc,122.0,,,,,,
7FSR3IuXCt1HuBydlGaQEG,110.8,,,,,,
7dDbosatOEKO4Ln6qXzNst,118.8,,,,,,
36hj0Ebbv4LWQiJcNmJSbD,174.4,,,,,,
5BLT6LB4kqEMVbOrG2EgrP,113.3,,,,,,
6zSGfGit15V0xewQwb7BUo,97.3,,,,,,
0IRQkXY4szWA1RNBeV6lu1,177.4,,,,,,
3wiN3YodUt5uIAAuVLBvdS,92.9,,,,,,
51UQlc5idDee07wYUYZjhR,132.1,,,,,,
7w5qfYvbr1akLLJoMiac58,116.1,,,,,,
2ZC8sdv4Kvuql7Q9T8Agzv,95.0,,,,,,
5IZxCLfL7JqLojRSHtZ0Ii,108.2,,,,,,
3zr9iPSP1AgMEI6Kpc6b1c,141.1,,,,,,
7gC6xszMlcV6JBo8PGccKP,126.0,,,,,,
0MODAKCjJtRONL8vEcDc7K,125.7,,,,,,
1fJ863UqhSwWpqrkwkcATG,83.9,,,,,,
7BuxRSKVtfKDFiDNmW6Z0G,130.0,,,,,,
6Fl5o5G28XI8YiT6IXHgRr,138.3,,,,,,
7BuxRSKVtfKDFiDNmW6Z0G,130.0,,,,,,
7BuxRSKVtfKDFiDNmW6Z0G,130.0,,,,,,
5Zg7nSkpFtRMT2afVl4S5d,136.9,,,,,,
5VpNzLAYgvmL4g7983Mvfq,130.8,,,,,,
5aVEnXYAtrxGdbJP8N2mHb,111.7,,,,,,
63y9EBaANidETkzVZrUuLp,109.4,,,,,,
0nI7b7IL7Oh5NhARBeRuIM,122.3,,,,,,
47PqDWfrgnzEbfLYQ86wid,172.3,,,,,,
7BuxRSKVtfKDFiDNmW6Z0G,130.0,,,,,,
7CZg0gsS4B7GoCveDMgyO4,102.8,,,,,,
0nmnHoiHfsruuGYUxSKgmK,120.5,,,,,,
4aAzEkqJJM8HNMldv4NRPw,99.2,,,,,,
2AwChcPELHjQpuKh2f3wDl,107.1,,,,,,
2JeWHlnHV7RoZzHgf5ySKi,98.0,,,,,,
4XVqfF2ZZNcKHhsn979AVN,139.7,,,,,,
4SeUZkUDswuA2rdfafsaRD,117.1,,,,,,
22PD2HIqk9D27q8xXDkwCt,113.9,,,,,,
5cKScC2d8LsB1egn7j3OEq,132.5,,,,,,
79QBkIv7pxQMBwikNcSWRP,158.4,,,,,,
3Jtaja2yLqux9D7PHQnlQh,152.6,,,,,,
7J8cmjhmfF4wgujKfy0fju,129.2,,,,,,
0DiWSIuDHGWPfID30OL9ZW,122.7,,,,,,
6DsT2BcVdtlvYxbZ6RSS7c,96.4,,,,,,
2QtoFMCV2Ktv2HW9gkUea6,98.7,,,,,,
6Xv1Yn3XQlrKK5KrgCaLMi,105.5,,,,,,
7a91GwSx2r4wK83AU1AvUP,118.8,,,,,,
0OWIKLBQ61pnESBoQnw38F,151.4,,,,,,
19iab687UcdBTtUiX94GSk,181.3,,,,,,
13P2aPsJqteTyBMaYCMIBi,100.3,,,,,,
4IaalxlQr40ydpKxEFg8sm,142.6,,,,,,
6ns2mLmHNqJoMPr0qOXeWn,130.8,,,,,,
1Tj2I5tXj8qTRn2UlvdmKx,133.4,,,,,,
42dKzDxZAYxGJJMfXKqgTI,98.0,,,,,,
1XijA9LO8z5AzXWDWaDqpS,196.9,,,,,,
17EVu5b0l5uo2gErSfqEt1,115.8,,,,,,
2CYL2V0SFBipXlCUTI2sMJ,115.2,,,,,,
2VZzXJX14IZOmdXN2MuH9j,108.5,,,,,,
1DyjZB553roKl5Vg7ni4rc,114.5,,,,,,
0wn1zutdePYlXV0H8WfQGn,115.2,,,,,,
6P28ijEvVb3md1QPSMFgxX,113.9,,,,,,
28nbxBOPfAup17LExFcTOJ,117.8,,,,,,
1qaLQkA5dL72SxqBvr1oEX,166.0,,,,,,
6eipvl0cRV4AmY6zwz6ycd,98.0,,,,,,
05HBajslAV7DBevoQOXqg0,146.1,,,,,,
45WBjqDl4XeXkVBhoDj5B7,162.8,,,,,,
05QrNRUrf97K4o7HlNikWd,113.9,,,,,,
6vkQXosUUyRaZer1vtP5Wr,155.4,,,,,,
4zM2F7b8qJflZZWBKLSeeu,128.4,,,,,,
1GtZULkERSeZKqWUhcy4bN,118.5,,,,,,
0cwXnVSY9qG8sax78b6Gc3,146.6,,,,,,
7aIot7Idoep4PK7A3vBIz8,142.1,,,,,,
6BQEmgKVm0qyhcCWi5Z11u,193.2,,,,,,
7EdQvSCD50EAbN2lzag5IG,154.3,,,,,,
0qemIQjSxcKyf42VPfZnfa,109.1,,,,,,
3KfFrcJoCFXU2uFiO7XwTh,106.0,,,,,,
6zNPPFFrxmhpTQejOn1Wm1,104.9,,,,,,
2k8VmJbHnjKBxyaTukqHyE,166.7,,,,,,
7Jl8cbDtGl7vCgwtlcOWHB,123.0,,,,,,
5ubvP9oKmxLUVq506fgLhk,103.6,,,,,,
3E1EACFkWtOvavDhYhVBv2,103.6,,,,,,
6Jmqp2wRDpc9uptTfJbnOR,120.2,,,,,,
0Rzny5ECvuGxfTxVfFbKtC,160.2,,,,,,
7j4cPM3ZGPPnQdyW42hHjh,175.9,,,,,,
1aNLYn1GrvPMBYKRBQp84q,174.4,,,,,,
4oUjubqThinkrt778QRTtL,140.2,,,,,,
6EZn0v94uKXMxXEi4HbXJa,171.6,,,,,,
1B7SlCBL51hPsTGFgLZPSi,176.7,,,,,,
0zxbqMfO3CncqO0NjJZ4Ii,97.7,,,,,,
7G2zB4k3WCaV3NvhdJ6x4n,125.3,,,,,,
6VeAUISn8bNaW4OUa2oWi2,119.8,,,,,,
5LUvxwjUfv42t4Y6uXZoU3,193.2,,,,,,
4hVAaRUQmKuFL0uA0s8yey,103.9,,,,,,
1jS40a1EenwV8LbkFJ7N4r,106.6,,,,,,
1GI3BPlK6KGJ6Vwv9z7Ww4,105.5,,,,,,
3YQGHqOQs6TG6Hui3Qsa3w,135.1,,,,,,
1lwLDZnAFkI1iXt8iSa5qp,93.1,,,,,,
35qQUvCeigzOTwQsuRx9Sq,122.7,,,,,,
7DOeJ4e5iYaG53VBnKtwbR,140.6,,,,,,
1m3BAsNsQAaSNMD2M6vlKY,162.1,,,,,,
2skIFujR9zTTAEXj8tfrw0,89.3,,,,,,
4nHbN1M7Nx3GZYpbGFfjda,133.4,,,,,,
0lNaytiCORnMNZTEBQxlPv,106.6,,,,,,
60ioXDAEsoc3VoW1KNyz9H,101.1,,,,,,
7bIAkxPdLTidVRQDX172vp,103.6,,,,,,
1Gnufs5iuI3h5ow29J7tOO,114.5,,,,,,
2iUPRQHHYsAttQ5jReruSE,124.5,,,,,,
3qLbISQSn2uZajYIxYiOcP,121.2,,,,,,
5gaUkg5JNk8c4mr2jnpX8H,110.2,,,,,,
0uugJPMMuIpugFh2aXN6m9,103.4,,,,,,
0vlHbI2lXejfBaRzjXiDDr,118.8,,,,,,
3nNMNVVbKgwsvH650vmijX,177.4,,,,,,
2Kkut4NAV813raj2CZ2A98,157.8,,,,,,
4LUMpe4ZSzLItvb5dAx6Ic,149.3,,,,,,
1p59skbhy2qgiuzKaYY8Vp,174.4,,,,,,
5x6QijK7UepoUX3xUNUJR0,150.3,,,,,,
6AzE7uTCgHmUdJsyjPlk9W,111.4,,,,,,
1XWIZv5nDOPH80qPlTQjxE,99.9,,,,,,
353bvRpQ9181rLFxNRLRyI,149.8,,,,,,
6AKTNBjsYf75EQQd0UtAin,168.8,,,,,,
1ZWVUWNY40bbEWX9P833Z3,112.0,,,,,,
1HCo7W2RtTWbaJTIa25Mz8,100.6,,,,,,
0uCuFApXmsYbFsVPyzP2oX,175.2,,,,,,
2F52OEPt6Xw1KCASg57xzn,168.1,,,,,,
57S2sMvmjCe1U71rIySIib,111.1,,,,,,
5hSJF8xnOTaiurc7MV27h1,133.4,,,,,,
0wfFU0oiH2sLjYzCzs4gUR,105.5,,,,,,
3EG19ZSaWFlZrKp4XHUtLW,113.6,,,,,,
6jEtAA8OwOlksorp50Ocv9,117.5,,,,,,
2bvXAQdMYHZCPRJeVsAsa4,101.6,,,,,,
3Ahrqp7yD5ETQqTxLquY04,102.6,,,,,,
3HApqJM4JWUVlIZ2PpJCdU,117.1,,,,,,
54WjmoJG4peh5JjtzR8rvv,169.4,,,,,,
4hzAmwk4ceJdQRrmF85TGw,97.7,,,,,,
62BZjhwIsb4TwOU5aGKeK9,104.4,,,,,,
3ufHwfHkzJFhhLb8iGgw8f,118.8,,,,,,
7zKaRW1jELvtkU88nEXgPN,145.6,,,,,,
3lHoO4iGMxiLERsfXwRIJg,110.0,,,,,,
0LdxOkBMsp3MpPxb8MyuYM,146.1,,,,,,
5Prc5c9XLIxMZBlIiS57aD,156.6,,,,,,
5fHMIkJT4y4WZg7t5PtJVO,124.5,,,,,,
57eGIQmk5jSg7womdcPv9O,108.8,,,,,,
14vY4kyaJzwLbvFBR4PoLO,120.9,,,,,,
3pi7aw5VsYmoUQ5V59xU75,153.7,,,,,,
5i5k8qP9MEGc9aZVe3AXz6,178.2,,,,,,
16tKDfz1PJtcctGeEiM5Dc,103.9,,,,,,
1tC8H4nin6rN6OmBggqNM1,169.4,,,,,,
3w57lWANONoYzuOVn6V4K5,118.5,,,,,,
1tC8H4nin6rN6OmBggqNM1,169.4,,,,,,
6paQIytkDEk4OSygVTVQDK,88.0,,,,,,
6mrPKO1bjv2OUYfSUAPn5k,85.8,,,,,,
0rTOYaZXi6cfKoAoOtKlal,125.7,,,,,,
6G9CPSkEKg9qravPbkrToo,89.5,,,,,,
1q1HVBZ6L5Y6ZccJzZHq6j,94.4,,,,,,
0RQheNMa23XARYxLIVGgaQ,121.2,,,,,,
1XFMuLu5ZfrrV07CurEWmk,101.6,,,,,,
12OcDfjxBjPW9NQiAFyptn,166.0,,,,,,
6eayRDUojzWlStHTnggvDQ,152.6,,,,,,
7aFvjOIHAWHCT9hvcHl7OZ,97.3,,,,,,
5s6AM0SXkPGtD8rXYJdzlu,179.8,,,,,,
5J9Xzqe3CiBPBbs67TA8nL,101.1,,,,,,
03VJWrI1A8RnGA1VHi56h8,168.1,,,,,,
2BvDFQOl4JieEGK2cgKOey,94.8,,,,,,
2MddJi3XeknnPQ0cyfLLIA,114.8,,,,,,
0tVxzsIpzTIj41DTHAvFxs,110.5,,,,,,
117pf5wgOdGxErNTQL3Fn8,110.2,,,,,,
3GS0CICQvKGCQcI7lNalcT,170.1,,,,,,
2BvDFQOl4JieEGK2cgKOey,94.8,,,,,,
0htuSeiUOkAth28py2IfaS,112.0,,,,,,
5J9Xzqe3CiBPBbs67TA8nL,101.1,,,,,,
58XjGsoamz0CxeI8mRsurt,130.0,,,,,,
2pqPSL5aRAW4cluteEgCIS,130.4,,,,,,
0VOTHJFg4WNqO08vyu7usH,101.6,,,,,,
0LVpXzzBOHdDU1nIRXMkil,119.8,,,,,,
4re6Lya641Xp89FpcE2EfL,119.8,,,,,,
6FZVResAXVYYMGQpcrs4C7,102.6,,,,,,
03VJWrI1A8RnGA1VHi56h8,168.1,,,,,,
03VJWrI1A8RnGA1VHi56h8,168.1,,,,,,
6kjrD1kOcQZUVSlKwtzIsg,164.1,,,,,,
6L9okk7atrGuieV4FtZybt,154.3,,,,,,
6r1ezXJH2bD8s9a4depIwC,148.7,,,,,,
5JmBuvUAjNnzSPIOF4Z6ZQ,173.7,,,,,,
4eORAD7cw10CUOPyjcD6b4,182.9,,,,,,
6wPo638YVloLLGDPZRBE2F,152.6,,,,,,
4DVf2QF6BoGHHO7TPBeFkc,125.7,,,,,,
6pqvI3ods51ID3ZSJ67H9S,122.7,,,,,,
70ctQzBQmXnX5lnHfm2EFp,172.3,,,,,,
4NzY5auu3oohqRKDPZxKEF,136.9,,,,,,
7hnkJ0iOMDmBv26XkYh0pZ,154.8,,,,,,
2zqDnKKewT9yOGBxuNOktN,130.0,,,,,,
2GYVxuXTVXfD5PKJn0rwAG,143.1,,,,,,
0RMwfczx6A7dYUB4Q4q2nf,187.1,,,,,,
4m50HRfae0bLJnbnJZexyn,95.3,,,,,,
0XaX67K7N1T8973AZK2lAD,175.9,,,,,,
0rxzpsZEb53dEgqIATOnRY,94.6,,,,,,
1SLrBTVPmeRlWlTAtrXEKi,115.2,,,,,,
5rcPJtD4fFl60HoSqAEcWP,187.9,,,,,,
4tuq77uFnqfrWeCZGtvU41,106.6,,,,,,
117pf5wgOdGxErNTQL3Fn8,110.2,,,,,,
3nh037riX8P0v4ncCN96ul,136.9,,,,,,
2BvDFQOl4JieEGK2cgKOey,94.8,,,,,,
2MddJi3XeknnPQ0cyfLLIA,114.8,,,,,,
0tVxzsIpzTIj41DTHAvFxs,110.5,,,,,,
6gc4d4ai3wOepYlD5UcpGq,120.9,,,,,,
1mJWA9zrtaqwrB1glaHmzh,94.2,,,,,,
3VyloXuok8BFg0JOfjvNbj,99.9,,,,,,
6m85eOs3GEWY6aVOwRttus,103.6,,,,,,
6ypykP4ONVIRCbABZCpL1b,133.8,,,,,,
76G7SNDx6ME9uo5Jatfrmy,95.0,,,,,,
4AKCBU9XfBAbCG1TFbrovh,100.1,,,,,,
1IaouYqICd7BbYv7JSRd7W,141.6,,,,,,
6LCAi3jp1eNDD03o3F5xdw,144.1,,,,,,
5O1oGfiYMDCKZiSAY3zVA9,117.5,,,,,,
3stMFCsUmPDi4hNHp12r50,158.4,,,,,,
62HV1lKsuQSzA75LCqeJYq,146.1,,,,,,
1E5D5PCMlljOseJefjZSDm,144.1,,,,,,
7xitNIuuKpJdsWfAuVQoL3,143.6,,,,,,
4A5PkFyqbcUo1K5ogImaBz,136.4,,,,,,
3GKtPUsvH8Q3ecj65M3hfO,114.2,,,,,,
32SFHGoFditU0iLb2pT2zI,159.0,,,,,,
3ilGZS95opCpbvLYegwYDt,106.8,,,,,,
6nFGzWR91FyvNdvPJC7gkv,164.7,,,,,,
0kkWNUn0dt6ieV9CGf47qz,138.7,,,,,,
1bBMUahLrgfP6wCFWIh2X1,106.0,,,,,,
0wehsBfQb1yrxHIKxGm7Mj,119.8,,,,,,
0xQfRFLnD1pRYrM8KpwMxq,126.8,,,,,,
3YKzwD2iw9GaDjPTpSJVkn,149.8,,,,,,
0G0SPViSDa3ajAkzna1bZD,130.0,,,,,,
7BhJEUC5B3pXb5ZgCIS2gy,124.5,,,,,,
6HhxG1eIAXZLg3LeqOpk6s,134.2,,,,,,
4N1xETYUkyYBkXYBCZ3Khv,151.4,,,,,,
7ggHwwQS45CLKyRpo4yOfT,185.4,,,,,,
0p5wYrSqyRTIlg7z6xZKH9,188.8,,,,,,
3yp0RiFwofJptvIcvJ3KUW,103.6,,,,,,
2t6h9r9XgNcZavFQpybk3r,99.9,,,,,,
1A47ISHc08cBeIA3hifQXn,104.1,,,,,,
7rYoS50ucgBq7tfJUxxn9Z,136.0,,,,,,
3Z3HiWtfoAbI0cjKagaiPi,144.1,,,,,,
5I5x8mk0xpXBqXIskvl2U5,150.9,,,,,,
3ApIYu95WxjzpQCnsLBbrv,168.1,,,,,,
6fJ9Tnne0fIOasEvLVzCmY,166.0,,,,,,
79lfnIolz39Zd6HEBTaT9R,164.1,,,,,,
3Rc3cO8CKbzSNoI9VnKNLg,178.2,,,,,,
3vbVSxq7PUcXD149jQcvQI,116.5,,,,,,
1yoeSwqZAs19DNXIy8amaJ,138.3,,,,,,
6PEPMLE3mxDGYdcn7SJMPZ,118.5,,,,,,
78J8b2YnaFrsCflgemM6mU,145.1,,,,,,
5JJrTBE7JXOsJ0YZck0GvJ,107.1,,,,,,
1eM11mSb8RuTc4PhhI34QC,95.3,,,,,,
5SIcDbJhUDpFn96NxonrH3,89.3,,,,,,
3eRgU697VugYvrqv1yabyH,149.8,,,,,,
5DjJNx2jvG63HfSqdIdWdr,139.2,,,,,,
0P7oOgBvXouLI5PhDDBB9b,182.1,,,,,,
5DzAq2jGPvliKjcGXNrpAq,170.1,,,,,,
1qpXcBqt6NX3mBX0sNv54p,102.8,,,,,,
7hx384AFkibYAuIMbFjsKV,93.1,,,,,,
4ysDStcutxyonMoGuYNqR0,127.6,,,,,,
12ZMt3CdbM4nMIQENoSTkM,168.1,,,,,,
5jdo4szYFc79zVBMqFwmXg,129.2,,,,,,
03Yji8PJHXf9lPF4AOjeNi,138.7,,,,,,
0OAgO9MUBKJ2j7fzqhz783,91.9,,,,,,
5tVb6dZRioxSIgwfyx4VOH,125.3,,,,,,
7AmhhOOE4v4NnrPC9JzhXY,141.1,,,,,,
209FVWnxFlvpYeHJ8DvUyX,98.2,,,,,,
44THQxvnwDt8ErhMyYHHbI,130.8,,,,,,
4jm60lAlmoUio4zZDQpfiG,132.9,,,,,,
3k6UfGjr2WNDtykFcafKYF,131.2,,,,,,
3hq4RPpUtVrZHKfUjjNa01,111.1,,,,,,
78J8b2YnaFrsCflgemM6mU,145.1,,,,,,
5DjJNx2jvG63HfSqdIdWdr,139.2,,,,,,
1drWcpx6c74yjZ1RgYYcSm,132.9,,,,,,
3a30ARehkfMTDkJyBWazNG,126.8,,,,,,
7yFfbiuDp0BbfnN3P1beN1,182.9,,,,,,
5OXgBwCgtBzUqPF1cLpusZ,170.1,,,,,,
1eM11mSb8RuTc4PhhI34QC,95.3,,,,,,
5Szi2uEs1VFFiJvI3E4Q1J,119.8,,,,,,
0P7oOgBvXouLI5PhDDBB9b,182.1,,,,,,
5JJrTBE7JXOsJ0YZck0GvJ,107.1,,,,,,
4UfneNUjsKYL1wiEVr1pYN,172.3,,,,,,
41TT0D06vPzfkKL1h4FI6D,128.0,,,,,,
7mEJsJrsCteXwPtacnbpKy,146.6,,,,,,
6DR33HOHJcw9KxCv5z4IYX,103.6,,,,,,
3AcbEJGK7crJZDyX075lxl,98.0,,,,,,
3pNfCtcbhWwa6TouKcMTGp,97.3,,,,,,
6li7Z21ozMVX2fKfbbOJLJ,111.1,,,,,,
3HvtTFhSJ0TATbaSGAhAgV,108.0,,,,,,
3HvtTFhSJ0TATbaSGAhAgV,108.0,,,,,,
6phCNsQn3Ddc4gBrd8HMAP,103.9,,,,,,
0KfjST3TeVl1UxEmyd7swL,196.9,,,,,,
3ir66ocOwy5utVOGmf7VoC,121.6,,,,,,
4sNTyx5ciExWcN0UHjTcSm,98.4,,,,,,
2ZEYr23FvSj2GYQSHAHIvA,160.9,,,,,,
14i7ZsK2LPdbOcmtaRFD1e,133.4,,,,,,
3X44VZFM3J8C5jnUqSisjj,162.1,,,,,,
3UtAZMmq1PIyOvdSHywFjN,123.4,,,,,,
17Od5ou7OS201jxvlHFkkp,111.1,,,,,,
6b0ypKlQTnoaXKY6F1t6Uj,122.0,,,,,,
3JrTHpxKNJSpqIF5tHt0jn,153.7,,,,,,
79yvh1LPio5B6BB4d4Kkr3,103.9,,,,,,
3FpG8djpizTTpY50KIIukR,177.4,,,,,,
3HuyhzeXCuiOSkihxg8Os6,136.0,,,,,,
5Js73mdUuoM84QeaqvMXZa,121.6,,,,,,
5qYPUlGxsbiceqerPvEEvL,124.2,,,,,,
5YcEeu42eisgNHJeesoJDS,166.7,,,,,,
27imdcYKcQ6ZxSgjG43TUY,116.8,,,,,,
0ac0IMOQCG2Xt5H9Ja70pU,116.8,,,,,,
0uNvgPAy7TlNjkX47FcXVr,94.0,,,,,,
1tPi18dFRENazurH44N1AT,99.4,,,,,,
1iA4JW1NzmcYNG8ZASIjdH,95.5,,,,,,
75kdiW5wYlxgIDTtIOTcvt,103.1,,,,,,
1j2Nwo9uoWNFvCGx5LmiFF,124.9,,,,,,
6U03Orwr5Dxt8jahLnQpYV,179.0,,,,,,
6RqltxuNI02QDAM9F9m9o7,134.2,,,,,,
0YojqXjn4xb5hblpFAhqJr,159.6,,,,,,
3dLJtCeIL2apiivaOjAAVd,154.3,,,,,,
2JbcnywVE16TVEzv5P2RZn,185.4,,,,,,
1xHdYyKjPybC5gUzEaEfIX,172.3,,,,,,
6SOxlKiv0wTpDiaJDjUyRX,126.0,,,,,,
2WYQWKz5hWdUqwHSYpX56L,127.6,,,,,,
2Ukq0uTw4ZWha7TYAv53c8,116.1,,,,,,
38E1sizCamxkeKl7alpcde,168.1,,,,,,
399Hm1oqfzzQaZRu3CtVMb,169.4,,,,,,
4877bJ149OUJZHTiU5Jg8P,166.0,,,,,,
1UWLUEAdn9qtaqwYo2RhQV,168.8,,,,,,
3lNGmnqX0xaiHRI726Lv9L,195.9,,,,,,
6MCaOLDl0epJPRN76H5S4N,98.9,,,,,,
2OmW34Xkvsy1VCOZ4OZhKv,175.9,,,,,,
6b1VEVIAV7M9SX3JVYHhag,105.2,,,,,,
0FUhAOOeOu2RbZxGrJYxpZ,185.4,,,,,,
5NypuLGU8bfq0X0qCUPtvs,155.4,,,,,,
6mBA9E2OXc3gQiIrekAVZn,120.2,,,,,,
3QDEoylggAKup5dip3GgFp,105.5,,,,,,
58RQNTjj8RBunpZUIizI3l,119.2,,,,,,
2hqrNaTAuj9R6yIbec0XbB,142.6,,,,,,
0GVzeQryq04ZVr4m3yH3Rg,110.5,,,,,,
0qL04yZ09tlwd4ZwQa4EwK,128.8,,,,,,
2qCombkjuqWREOT8xvSflG,186.2,,,,,,
5q7UOzNySzxfNdkuMXJFLi,126.8,,,,,,
4MYLEPWITXDflS6lKU6WMZ,120.2,,,,,,
7pdCDKs0i05N8ag4tAC5u5,137.4,,,,,,
5ZG0BM2OtDzmIVcvKBpCss,105.5,,,,,,
2YsmKB2d5gJcFXuWIa3SJh,100.8,,,,,,
0Pfz9HRyP5wZfpsC1111Tx,114.8,,,,,,
4IsmTrxoFuYj4dXwNbwqcJ,179.0,,,,,,
3xlWe7jabnIt8Zvg66sitW,150.9,,,,,,
0fC5za98GBTIZtn3BqBr0f,182.9,,,,,,
3P6tp78NKjhldcTAdKlEKs,144.1,,,,,,
3BIGjzSXpAggidIrk4PixU,182.1,,,,,,
5NXxZN6JY8HHhXqSUv3LIy,180.5,,,,,,
2xgm3JPiacgfFuVmYYaUwm,184.6,,,,,,
6ckW8Flj9fP0uDYfA7lsYK,104.7,,,,,,
42cVRQFbORgj92XCayL4sx,174.4,,,,,,
74HjVGhoRX36jqyh0KN9X3,129.2,,,,,,
3bfoLDSsg15N9up4bvtrNz,98.9,,,,,,
43g7Ab3giuga5OUeyaLTFn,136.0,,,,,,
4h8EDWoLuuhBryIQHevUPc,182.9,,,,,,
6Qboev0nak6rFFprgiUYTV,186.2,,,,,,
3uYCW95dZt9gYig2vFQpiR,127.2,,,,,,
4jSiAZQpsA1mAS3RE0UHCo,137.8,,,,,,
0HMa3XCtloTdy3cL00lWNz,94.2,,,,,,
6hdxy67JqIATUt1EoqS4OW,167.4,,,,,,
0DG6f7Dmp6BdK4K32bojAp,198.8,,,,,,
6WohVJvZ6RYmYN8Nxl9VHa,134.7,,,,,,
6MCaOLDl0epJPRN76H5S4N,98.9,,,,,,
7pdCDKs0i05N8ag4tAC5u5,137.4,,,,,,
0YojqXjn4xb5hblpFAhqJr,159.6,,,,,,
3vST7tho4iT90949PEtM7i,179.8,,,,,,
6MCaOLDl0epJPRN76H5S4N,98.9,,,,,,
70ZHsMWeZF3oHpkubZ5HJI,133.8,,,,,,
5eRI9QPJhqjZ4B6OnHLlvr,168.8,,,,,,
5yvjeiUSHUKrnpC3Hr6GY2,154.3,,,,,,
4hbs26WufHqSrzqevTleQZ,113.3,,,,,,
4XjZhhjRgUB0w1JYZDO4Re,107.9,,,,,,
18bx9L5NFe2mQKKg8S0M4W,128.4,,,,,,
4sz53xAp8xbJrWUAgZlY1l,87.2,,,,,,
6HevpdKAQJBWSb9LaWDPUH,159.6,,,,,,
0yGN1L6FFxo3kQRCEjEkpo,136.4,,,,,,
1IDhcVGh6evQWQDzRbAmxl,157.8,,,,,,
7dNUfw7xbVXz4wyQTsMYmt,113.0,,,,,,
04y3QdlyuLEwGkowNE5PVw,108.2,,,,,,
4zoZQvmST8gliv9S9L8lUw,95.7,,,,,,
5aStVuk8kWHsxYHaNwVX4o,113.9,,,,,,
4zoZQvmST8gliv9S9L8lUw,95.7,,,,,,
3Hya20ZNnlLzGLCpzJR6bv,113.3,,,,,,
2hEgm8Tm9aBnObCQzktkyL,110.5,,,,,,
3yDhZq8f17SmumVmEyCaRN,125.3,,,,,,
6jo2Yy7YkEHR8xKT1RtnpM,105.2,,,,,,
4fOQqdxta3IjgFOC17u9ng,130.0,,,,,,
6ccgjC1uIb7tA8Rs6o6WEt,106.8,,,,,,
6wjxkXpxcst4PeRe62DULX,98.0,,,,,,
6tGtBvK6DezcjbtUxXGyxe,126.0,,,,,,
0ZkpdjqKwOrbx1Fk5pWPp4,98.0,,,,,,
1lUK4vRyELOO4NJyNh8Q5p,107.7,,,,,,
3t2jDDTLsC4sU9kE9dQvwv,103.9,,,,,,
1WMNb4avet3V4nsLYvRRns,175.9,,,,,,
6nchpb31FuRmFvycwrwkIq,107.9,,,,,,
5fw1FPgfybFHjES1JNnbfW,113.0,,,,,,
5mIzkkjt4z0pjUvYkHvpEb,110.8,,,,,,
5qqz0pUTUTenMGr9Hlr43a,110.0,,,,,,
5fggpHpv6D5G9BsqQOXfFt,114.5,,,,,,
2jVoaqVJY8yn07aUD3rc9w,107.9,,,,,,
0Xi63m3HJ0WoXr7QGbn6jb,139.7,,,,,,
3RgHXXCS8mCRvhOaqMV1s0,113.3,,,,,,
26nHCk4xOLC3RnWrfchfw2,127.6,,,,,,
15lbNa4vfc9snSsWq5HSt7,120.2,,,,,,
6l9fOwFZ2pZzGUAVnPM76l,128.4,,,,,,
0KUtxmWijNo3clJmSsKjaw,159.6,,,,,,
7AslBsiVLQAGrmFmi79ZeK,140.2,,,,,,
2SQkCUj5rYrFCRKnaTbYYr,112.0,,,,,,
5mT09voM755XlPjYQERiV2,136.9,,,,,,
4kGBozHJBZ7o4rbCaWi5mf,98.4,,,,,,
6iA7vl77EdJYLG6ooqYOOe,144.1,,,,,,
1RSWoGmqEmZ636mFbpjSt8,182.1,,,,,,
0X5DcGkbxCXSadgj01ZXd7,110.8,,,,,,
3vG9m8pZXJGeUyMpxpegwF,115.8,,,,,,
0Hg8vrsdHyq6DCTI7RhhZk,95.5,,,,,,
5I5h8f0MJUxYnsr6SZ8Sqw,112.0,,,,,,
0QOIjqFhYDbzaYRvrPsTJa,182.1,,,,,,
2c6bNMM1ORs2wiEmJuz2Fi,98.9,,,,,,
6HxYPcPBslhCtXJYcr27PF,102.3,,,,,,
50NGGEQ2eHNMIjh1y4GgJR,95.9,,,,,,
1JzoplQPXewutnWxab7f0C,185.4,,,,,,
5csdrJ0JtFn0qvwlvSh2EI,194.1,,,,,,
0vmax8WLagQdRXBCBXFVs7,137.8,,,,,,
27d1O00BPlvrIiiaJRPacl,104.1,,,,,,
5aF8k94YC90YwpodXv8Mnz,123.8,,,,,,
2pQuzp2Fp8hc6B8iUII7ot,105.5,,,,,,
7MnxZUMkXjuewL6kKPo7CD,128.0,,,,,,
1T1XMQe8mIMlCRx2tpwimd,144.6,,,,,,
2P7EVrA6FBWNPeZraU9fKM,129.6,,,,,,
6KFHB24o0dWWgl91YGtczz,120.2,,,,,,
4jABAE0V7NF4j2woHU2UFY,184.6,,,,,,
675CpyI2wKbDwWe1aaapvy,189.7,,,,,,
7rIRU8cSzvV4F6c2rFHnhF,161.5,,,,,,
0t0wQ6xZspmsXXekHfRoDH,126.0,,,,,,
4LdXjE5deCVrLvlDu9EftJ,118.8,,,,,,
1wFLuPTCRQGJZ1I3JqRbXJ,113.0,,,,,,
02UfBmMerddIN9u4AF7srK,156.0,,,,,,
4YG4YEHrg9snIzc22Fgtmd,85.8,,,,,,
427XWDxnkKU6oYhhhVpRwU,173.0,,,,,,
70EGCsCR8KqEaIaRivGvzB,118.8,,,,,,
6sSNb6eBzMSUo1XdytRdsq,149.3,,,,,,
3qnvf0oyFchyrNoHKrZ4pt,129.2,,,,,,
2dhV6VPKdqNg85vgv16xjo,126.8,,,,,,
7puaX5hheaViDVvLWTnk2P,102.3,,,,,,
3mWHMm3dBUaJMlGNjjVDal,98.7,,,,,,
15v0gjL7Z60um62RmQAsui,110.2,,,,,,
3ZVilB6IxERhxfrv0bFo7m,102.1,,,,,,
6O0y2cYkPw0Vzki8GKNfZe,118.5,,,,,,
0NwMMmn0RYDlYU4vJThGc2,91.5,,,,,,
3p9VsfFMShpzB1tf9zA48h,111.4,,,,,,
77vla1UdrBpWoF0OE1QCwI,153.7,,,,,,
7BWWRzqlWB2jjKtjv0wRC4,92.1,,,,,,
2qcfKvkTopzpSOeLW9AvyM,124.5,,,,,,
5wCsHexSn5r1HaJ7zmLqHI,142.6,,,,,,
4ZXf24jReizl40Pakkf7Qu,133.4,,,,,,
04x5nZaJ3ZlTivI2DiAxZd,133.4,,,,,,
71L8EDqOdFU3woxCMVj11B,143.1,,,,,,
2FSmesZ0BLPGOoEzS75Flc,146.1,,,,,,
7tH8lMDiRwKUFco7HqjT17,164.1,,,,,,
7GNJgRUNRACGYH8ySNyqgj,121.2,,,,,,
0R3RaXniRkp819CkorFM79,112.0,,,,,,
3GVhJmZMI2fATq2ArxvgKz,142.6,,,,,,
4qJrq7Q4ibUcpRt0dOjN52,120.2,,,,,,
16aVOG9YBesM18yE4ReEHo,94.4,,,,,,
0kKpGcvoXroKo1iNO5cDhi,166.0,,,,,,
4JmZyfkzXWN7pHJsJpN6XP,122.3,,,,,,
1tqT6DhmsrtQgyCKUwotiw,117.5,,,,,,
0Uk4vrQwR4mlEoHBoTp6Q8,116.8,,,,,,
6ZiYUWd1ZSd2flXJ9eB5RC,150.9,,,,,,
6KUjwoHktuX3du8laPVfO8,109.7,,,,,,
1JweeRbJ87ViccTOW7cwz9,105.7,,,,,,
4qKy9Ed5Vy2zBQ16qvB8iD,101.8,,,,,,
5MNw3c9g5UY5bJQoHrMt2N,136.9,,,,,,
1bbwDEGlWSssT45CxEYpaF,138.3,,,,,,
15pYj5ZiUJgBydzD7w6NbJ,107.1,,,,,,
5iz29ibPm87Mw60l0Z51GJ,117.8,,,,,,
2F2CHbZn5m0nkyB4EPf988,179.0,,,,,,
6KUjwoHktuX3du8laPVfO8,109.7,,,,,,
6KYRdbUIpr9NnPhIGRG71C,124.5,,,,,,
4mqI34G7azkC6s5DW6tNG2,121.6,,,,,,
0xd1glPDK2KQQXO6LyeEyH,114.8,,,,,,
7jPcmkRtO3BPBEAA9Q58AN,114.2,,,,,,
7zCfUEBYU29n8FwNQwHPDQ,116.8,,,,,,
0RltdXT4ekCVaq2sGIBa9g,117.5,,,,,,
7kllQQPam6HumbUCIPSvHJ,114.2,,,,,,
0xd1glPDK2KQQXO6LyeEyH,114.8,,,,,,
5qmlWnOopvuUVKH7sK8IQG,122.3,,,,,,
6ow00dmmumL98wjHmC5SVj,157.8,,,,,,
2nQEmUf2Hu7UF7uW4shZSY,147.7,,,,,,
2nQEmUf2Hu7UF7uW4shZSY,147.7,,,,,,
3fF1TIENnE1WTOTjM7n1oa,149.3,,,,,,
4RfH0fVOtKKsEFINARThZ2,106.3,,,,,,
3X27sXzONTS0k4ncLmT13Y,128.4,,,,,,
42OKXMDuWev6SWvnuXSH9k,146.6,,,,,,
3X27sXzONTS0k4ncLmT13Y,128.4,,,,,,
1nl13AcSpiCKdbkhtvJoo7,128.4,,,,,,
2VDsJba1wrAnilQrd45sEv,92.1,,,,,,
28C1Pa9nFnWwqoUDS2DPaT,159.6,,,,,,
7F1cbFaGSfZE1GTh6wKIAr,147.1,,,,,,
2izjYlNEvIiH5KmcI4HL6j,178.2,,,,,,
6cz3yXL7XdhMnr4eJhncia,137.3,,,,,,
6MN3vF1tGzG7nkAOLjK0YG,98.7,,,,,,
0QRcAVy9uM1UTFZp6OUwNQ,119.2,,,,,,
6qf22ugRsdAiUzieQv9Vdu,106.8,,,,,,
6gQYWu4YdUWcOrmeJpiE7L,129.6,,,,,,
1qxxL8j0wBZoVM817ogQEm,123.0,,,,,,
7xFInF3GMAXSZXBPgIyYsb,199.7,,,,,,
6daWYAWyKveBmV2tB2DHKJ,157.8,,,,,,
72fJZLWoA1On0DJrUeaSEb,166.0,,,,,,
6K53cMmW9uy5bEN94bj0XM,105.7,,,,,,
50zjCxOVKuUvjdtXiVqpB3,106.6,,,,,,
23e9DL7zlnoRYl3JZkqlFr,147.7,,,,,,
4lFy8bmX24jDMYgKNu3RLq,110.8,,,,,,
2wiFmoT1KEWYrnH13oWG8E,108.5,,,,,,
6eqT28aIErTvZjxcm73ypd,132.5,,,,,,
4vf78VFCA1oARIab34d1vd,153.7,,,,,,
23WS9jES5QtwSmjf4zq4CL,171.6,,,,,,
4S7l3EZkOiWrHoBhi5NPtZ,132.5,,,,,,
4WIsM9PoOlTWNfEK9KdaKr,106.0,,,,,,
3JtyrThvSJROHLjL8AtDHk,112.0,,,,,,
5nf1SEV7VT38oM7whF0zXH,105.2,,,,,,
4IIK7KvWCTSkVVRufxyh3d,127.6,,,,,,
4P5f2NLw9GkgnbK5zs52Oj,124.9,,,,,,
4P5f2NLw9GkgnbK5zs52Oj,124.9,,,,,,
3fcKbDghwmRmHHL2EjDvu5,160.2,,,,,,
4ZxY1JmN9gOW9QpzCHE8nj,104.9,,,,,,
6Wcv74lOJgzCqxc9KQVapd,104.9,,,,,,
4W6Wndm0QgPdbKSKSOdstI,101.1,,,,,,
4cLXNwNqXWT1CTR5Gyr7ei,110.0,,,,,,
3222PQpi7yRmdHPa6JMnx8,147.1,,,,,,
23XMG0bxEz9jH1E8EIc0y6,106.0,,,,,,
5ZpAfrIRs7egjPUMtG4wL1,170.1,,,,,,
3Dcm4lKpl1xMDEzRosRqUL,134.7,,,,,,
4hpjm7eW3MohWojTojQ4x2,134.7,,,,,,
05jjChWlvR8JAvSZoY3wBn,132.1,,,,,,
0W8hsSIggpSWEKuIibFjue,106.8,,,,,,
4jYuAdVCOMkEQJWV2qvlj6,164.7,,,,,,
1h1YbNYxxh2r7MUYflFlfg,117.8,,,,,,
3PZW66625MiyEmZaat7tce,128.0,,,,,,
0Jw3cPBXlGnA6DEJrZSTI0,155.4,,,,,,
4rT4wRGyJM1pxAKhxAKeoP,134.2,,,,,,
0w7KzeYAYzEp9WF9sTpN22,90.9,,,,,,
5LXDB1VlUoBAZACTRVJuz5,103.6,,,,,,
5MmRVDYiijI0HQj7ifYVlX,132.1,,,,,,
5qX6deR7lJye188UvvGCTS,72.7,,,,,,
6byHlhAt3mAYh387fumyqh,118.1,,,,,,
3ln4mFzgHHl1V56cBY4bKr,104.7,,,,,,
5pcDx5vMeftHzbCLP7kGfM,128.0,,,,,,
3VJuwMdSTTf9Z7ZoolTnIV,168.8,,,,,,
30RmekD1dSy913wZnryc1h,133.8,,,,,,
6KrIHSRDqw0G74d3pylqzV,113.3,,,,,,
3YSmFff9nv1gW0bNQKCXVX,126.8,,,,,,
0UtvPb1ILUTZvKhUOPs6mD,90.9,,,,,,
0ij3zokPRNhxR32ZlUmBkS,135.1,,,,,,
7AMwuxdGAoynRxymC6Lwzj,120.9,,,,,,
1ehDv0Kde0pB1yIUfZBQPe,106.6,,,,,,
1ORqUiQNAzIv1QQi8StbHE,101.3,,,,,,
7tbf1y8Mx0eHsejHkuu0Sx,121.6,,,,,,
18rXIEzfGSZV1NrnD02P6b,108.5,,,,,,
2tJlmd4NX5hTHqFhrcG2Ak,136.4,,,,,,
066an408paSNQBAsAxWtMJ,99.4,,,,,,
0fYDhNcAMMrZbh3i5XdVTy,117.1,,,,,,
5OSPVcoB0TkIUBEe2SBsSH,164.7,,,,,,
0rAX31FT5w3ZQbQMUSkxy8,125.3,,,,,,
4YpfmqLbLNYwFErBLPCthl,135.6,,,,,,
0dED0PRBM0fixceBz5s4XR,118.8,,,,,,
1CzMttkaD29w40H4pDrB60,96.8,,,,,,
2HvuyQEnKR82zwfIuCBaWH,122.7,,,,,,
5Pn7ldcp8uOZmwPJ3rUf7b,126.8,,,,,,
2O9B7hQx3sl6HWklNwjNg8,123.0,,,,,,
6WKxX0jswMBKepsHF1n1c5,162.8,,,,,,
0BhdLRHzJKgzCLS13ltjZL,132.5,,,,,,
347KxWkhUTzb0pmFM500ud,122.7,,,,,,
0ZDvuTgIwoqyoc6joK2MQS,128.4,,,,,,
3ONahHo9MKIDgw7aV7C8IG,137.3,,,,,,
1hHn21LnjRBTuQQWivkRTd,136.4,,,,,,
0pJ1eJkI9JGoNLy5C5VsR3,132.1,,,,,,
47FoEJ9kn86Cqaj5C47PGQ,124.9,,,,,,
2rBWbaFW0wIJWOfXf66Cit,119.8,,,,,,
3QfVcJZdUU5FyvZgOZLePi,103.4,,,,,,
1i01coCdrJQTyTkdY0GClx,126.0,,,,,,
2ZcTIPpalYwjs79D6vfX8I,127.2,,,,,,
5rShS5dwU8nIe21jlQnbxK,120.5,,,,,,
5nPYQSBGnHtb2Z1DTDin6T,122.7,,,,,,
4ySIlRhVHfoH4uK3BL74Ql,134.2,,,,,,
7HgAIcF933CcjL71g4lDn1,127.6,,,,,,
5C6Ikl6YCTo80XaQ6YjyTC,123.8,,,,,,
3DIe90xqHuUDtyuapTwCAR,115.8,,,,,,
7erXAfnatmoUow8DnbseOY,134.7,,,,,,
6KIS5YIZAyeiFNx1aE1OhY,107.7,,,,,,
1Hv1VTm8zeOeybub15mA2R,119.2,,,,,,
5qehd5xIsEaifMFy3jcoYr,92.5,,,,,,
0sKfhhj6hYyJIXnTiZV9vf,182.9,,,,,,
1SvET7grrtsHT0CkyJjJcZ,121.6,,,,,,
1OefsOF4JwGjOeLiWuUKTI,107.7,,,,,,
6gyxAPdkCJI9lj3J1IhW5z,175.2,,,,,,
2KpjKWyj0TI0FmGgENEKr6,99.9,,,,,,
2OtKvk9zsA9hbRJKMiyy3b,103.6,,,,,,
1oaaSrDJimABpOdCEbw2DJ,166.0,,,,,,
4PEGwWH4tL6H7dGl4uVSPg,136.0,,,,,,
65krtHkaYLPr0mEbjL61UP,97.0,,,,,,
7pm8e1QG0XJDZ2nJZTeDBw,89.3,,,,,,
22QiTJqDn1BIRSh4mkNJ5w,160.2,,,,,,
4J7s7j5ulwElPG7HaGQDXR,123.0,,,,,,
76TzlX29CsTPiDdmCmTkjo,118.5,,,,,,
3BtvSVZHyQpSptIGBlCmUf,170.8,,,,,,
5F4baRMczoUOhImJgUjIC5,148.2,,,,,,
3Za7kE3JshTHou7QLlcJOJ,142.6,,,,,,
75GLK7VARV3XXu66OGBcxH,119.1,,,,,,
3qIQvhlthNd4THAYMDoxdJ,147.7,,,,,,
0OTskAGUmWyIC7trEfgVfs,88.0,,,,,,
7AElArhUm0vxfKeZJpP8TH,133.8,,,,,,
1Ya90l79BJXdW8tLlv4dZ4,175.9,,,,,,
49RRbd6a1DB9Fx78TGd2N7,133.4,,,,,,
3yfRDsK74hvMIBLR1VX3nO,81.1,,,,,,
2IJEmGCTcZHIXyWOKbfNDm,114.2,,,,,,
1ZcYPrT3uX8hayoo5kWpSC,125.7,,,,,,
1lYtW7ow7uJ7LSaUJsBOxY,133.4,,,,,,
45XopGhwYSgooiewaZNsSd,193.2,,,,,,
2BOSrfymTLo1YRZsEgmdjE,103.4,,,,,,
0YaFRGmJJpOddmNjqrAJet,136.9,,,,,,
1AkiwZIeFQqdcnMBI6xGc4,131.2,,,,,,
0WAC929kEub3MDEG4QvUrq,90.3,,,,,,
1XSum2KcsGysxMYznpqFm5,136.9,,,,,,
3LRmtOD2Wdi3r817ctoOw8,102.3,,,,,,
3yfRDsK74hvMIBLR1VX3nO,81.1,,,,,,
2IJEmGCTcZHIXyWOKbfNDm,114.2,,,,,,
1ZcYPrT3uX8hayoo5kWpSC,125.7,,,,,,
1lYtW7ow7uJ7LSaUJsBOxY,133.4,,,,,,
45XopGhwYSgooiewaZNsSd,193.2,,,,,,
2BOSrfymTLo1YRZsEgmdjE,103.4,,,,,,
0YaFRGmJJpOddmNjqrAJet,136.9,,,,,,
1AkiwZIeFQqdcnMBI6xGc4,131.2,,,,,,
0WAC929kEub3MDEG4QvUrq,90.3,,,,,,
1XSum2KcsGysxMYznpqFm5,136.9,,,,,,
3LRmtOD2Wdi3r817ctoOw8,102.3,,,,,,
3yfRDsK74hvMIBLR1VX3nO,81.1,,,,,,
4eSYEf13NEsN4VA9kIHjJ8,135.6,,,,,,
6QQV71cjjsgOd63d3ir0I0,87.6,,,,,,
0bMudEX1uvdtiRm6IuoIN0,103.6,,,,,,
3dxoefyUNXA6hlPZRh9SzX,152.6,,,,,,
5IjW5BBoDdxWBIpvN8GHgI,100.3,,,,,,
10eu20Jy3baxrlrpHpF6Vk,165.4,,,,,,
7MDtjUBo9JHTRrFJrCddT1,103.6,,,,,,
5FkbdKL6KO3ZHOgmRqaPbv,111.1,,,,,,
6w9bOdlLAwNSQQ4l36eJJj,164.1,,,,,,
6pb9A5dqJVKJO190FWwng2,110.2,,,,,,
3lqJF5gs2ygPZdYJqdHIlU,98.4,,,,,,
5ci7wAtNi1lBcH9UJCHgNk,133.8,,,,,,
3mRM4NM8iO7UBqrSigCQFH,103.6,,,,,,
22mek4IiqubGD9ctzxc69s,122.0,,,,,,
5KgbyD2lQQlIupAaPjgiXg,109.1,,,,,,
0Hc3mb1DK6Q1iOEuhLhQmD,91.9,,,,,,
5Lh9kNx3ipZC5rcaUkzKqo,118.1,,,,,,
1gubdQ81FYoumrLZD65Sc1,113.9,,,,,,
4XplAUjUAGkK0fiCTIFntD,124.2,,,,,,
4caKl70qzusffY2lGeux7e,180.5,,,,,,
4p4XgwnZJCYOWSvz8ruiOY,175.2,,,,,,
7le0V4GhtxSECk6QF0QGcK,160.2,,,,,,
2ZhIEK1bpdzuj4PabI3mUI,101.8,,,,,,
40zR7h1WRiJOzy2v7axMmn,104.1,,,,,,
2ZhIEK1bpdzuj4PabI3mUI,101.8,,,,,,
1JjGRp9SGv4YgIxOp6f7ET,132.5,,,,,,
3dEfGt5Ml97FQBeHngn4YA,160.2,,,,,,
3JcUPEZJF8WLtfBnVGZ0dN,104.4,,,,,,
6EE2qDWHBBrm7fOrKXnNaQ,107.9,,,,,,
5WwRKYnVy9dekqXAGPbAvU,113.6,,,,,,
2Qd3DygsQQYCCTy2KBkct3,114.5,,,,,,
1YtRMFsEXKZl9GpqBEtat7,101.3,,,,,,
3IQFZgYuTXP1ukus0z77ol,119.5,,,,,,
6oIPsHzkDhyMfa1kEAPHED,98.7,,,,,,
05kCar3C4e776mAEtdRqEZ,102.8,,,,,,
0qpNqr9gIuXUFNmbbmEclK,189.7,,,,,,
4geG2y19JGn1lQsJrrsmQI,162.1,,,,,,
4i2U2mRQYsGFWGhtw5PEFE,94.8,,,,,,
6o57t7w5Jsoag0k4887WBs,112.0,,,,,,
40cumQXNfUjF731aaOoB6I,100.8,,,,,,
2xqXyPAB9irjRUcHFB2pVT,182.9,,,,,,
1GUykPn9addMWeHMwj0SbQ,120.5,,,,,,
1uaMmbCmOKkI1dg4yjosH6,100.8,,,,,,
6ZF3dNXVuA6E8rOL4FX2EY,122.0,,,,,,
3waKDq5lSkxfEJMowTrcMM,195.0,,,,,,
0ZtSKRqtKuCONcW45YRDwW,175.9,,,,,,
06nD2230SX3fhESTVWInGe,108.5,,,,,,
7d2IQDkXhHe8jCuQNGnmqb,100.8,,,,,,
0Dm43YLUlGdePpSbI1ct8h,174.4,,,,,,
4EHA1ZWd1wy5V4c2faN73K,110.8,,,,,,
3TWhGtyMAbX3roxYXk64fO,146.6,,,,,,
7FMgaD1LY7lfB0VtfdkpZO,112.0,,,,,,
7hRYauk30VeBFmdeFQPNVx,121.2,,,,,,
5dCEowk6vjd2wXTXm8d02U,113.0,,,,,,
4SyPsgGCqmlDrXCsf2Rvmm,147.7,,,,,,
5zSwmohdHeH2xmrWDFZUZZ,119.1,,,,,,
2lnQcP5hr4RKR63TFvnI4k,166.0,,,,,,
4Nc2lbK6fpOVV7lxt6hCoH,125.3,,,,,,
3Cqr3l72XDpazdFiQQpFHh,106.8,,,,,,
2lKh2KK7M0IX81wDL0FNwO,112.7,,,,,,
6Axz5VSkc4Bs8eXWQxnynE,123.8,,,,,,
5Q9Ma9lId3zM1GS5bEFQcb,109.4,,,,,,
1xWvxnvzq4c5BVOZOqcmvd,105.2,,,,,,
0dMENikF2KCGHCIKt4Ljtd,110.0,,,,,,
4f4eRgbq1Fi1vukvw25e22,103.4,,,,,,
34xb0kiNMAnrx4cbVDdaWO,115.5,,,,,,
6FWFb4tl0cnoGRIZvo51Hl,180.5,,,,,,
73GR50SgGV5hybgWDSFWtD,151.4,,,,,,
187gUYsK3pDe3yoYNqGjBO,142.1,,,,,,
4WScXh1GTrqG6u8TGcRE9G,123.4,,,,,,
7lM1UzajLd21s1ZuRfpGgA,79.2,,,,,,
3K5BNWjAjNsu3blI2ieP2L,97.7,,,,,,
7gLW5FsT7i1QVuxN7pGILD,133.8,,,,,,
3bgqIMHNehAZwhjckR3gc1,98.0,,,,,,
6BIhQWCOYjSCl8eEXh4H2Z,108.8,,,,,,
2jDnG859AyqV6Bdj6Zi4vc,141.6,,,,,,
4tFbtqjZDo8ikPahLMT45S,159.0,,,,,,
63FurFJcfPqowwDkGRkhsc,110.8,,,,,,
0tg4tIpkimgLQbRWLyS2Dr,120.5,,,,,,
0MOjqOFE4PciS1jI8XBjo1,123.8,,,,,,
1mlYhdK60E0Z5hwCHBAwPF,120.2,,,,,,
58SUOX4DkwuK1wfiU0hAph,121.6,,,,,,
0owfjF5QLxBzenEU3zHrYD,129.2,,,,,,
2rvuuvnGy0WAozMDI3QL76,159.0,,,,,,
0RGnurByX9ftumQQ84fAg7,152.6,,,,,,
5zKpsTuC30ZM98wUKgtEXn,125.7,,,,,,
5yDhC4LRJ04nk6WEdBCSfJ,142.6,,,,,,
7blYKAbhiL6jIL274aR9sh,116.1,,,,,,
1ck0ZuuQNheY7pmtHzemMh,158.4,,,,,,
0eYP9SEHzjmbdec2BpKnqV,143.1,,,,,,
0ky1XZzqlWpt8wcuV9FpBu,141.6,,,,,,
3BpiaGyTIb7VIoAYbvSzTH,179.0,,,,,,
6eDMElxeeKXs4DHTb0dGP0,179.8,,,,,,
6wpDQGn3Gl0j9Wt6D6mYvQ,136.9,,,,,,
7eR5i0UNKTG57MMLZJpeB6,138.3,,,,,,
2TI0STKG1kgevz10OxF3Pm,125.3,,,,,,
5DzAq2jGPvliKjcGXNrpAq,170.1,,,,,,
7zf5JVR1AiPa9snspPRUD0,150.3,,,,,,
2RaGjLBahBx3PW7iPg8Mh0,125.7,,,,,,
6vgKWE1KV4E7p1Dv75z0kL,126.0,,,,,,
1TZzwEmqDQeZq7LAqLwfnY,126.0,,,,,,
5c12DVTlsyFbxmysLw0Vll,142.1,,,,,,
6Gfvznpw1t6n512OptqdtB,120.9,,,,,,
5GzX9ZgX16D1F2her7bEsv,174.4,,,,,,
0Cl2wc20kdA0gQSd5P4MAP,95.3,,,,,,
6MKsosxgWwCl5fbIhy62bn,144.1,,,,,,
37Lrvtp2nVHnqVqvFh9PKO,157.8,,,,,,
1h7wTk1Eye53pcCwVHqZNj,146.1,,,,,,
7nrXVQYRrAXzLS9Dno83ml,157.8,,,,,,
04h9o3gtRD7fvGafF7ukJj,124.5,,,,,,
7zf5JVR1AiPa9snspPRUD0,150.3,,,,,,
6yEkb8C8tVItpFmgZp1Hdd,147.1,,,,,,
6vgKWE1KV4E7p1Dv75z0kL,126.0,,,,,,
3yBZSGSMZhudMQrjFevn77,134.7,,,,,,
23aueZOa32EtkGYrm2g7w2,154.8,,,,,,
5BJul2gz89Qh5xkDoQ1ZPI,132.5,,,,,,
4kOfxxnW1ukZdsNbCKY9br,97.7,,,,,,
4nuk4c4QdrxGVROylbgE2P,143.6,,,,,,
2hJEx2EI7wK5l6CrPpwgsS,176.7,,,,,,
6UgSIl72NG9gTLxqHQ8qqP,104.4,,,,,,
6YytY6PPvAEp1MluJ49nP0,120.5,,,,,,
5H3iFrBIeh2dxyVsds1X16,179.8,,,,,,
5dPKC1nPy96PvuSbHpumv0,125.7,,,,,,
1X2VNi0IN4CXflM6dJt2vq,126.0,,,,,,
6AlApeP6NrkQ7gbfNtTlFb,122.7,,,,,,
5oPRLER8bCQN3RFFVvLbTC,106.6,,,,,,
4GqLqZjmAA2VnZ05LkUchq,111.4,,,,,,
0jatcRk16ATM6EskYTDH5r,110.8,,,,,,
5T9eoAM786mglRnUjW8kHt,102.8,,,,,,
0hUcwyaNHdR9961jFWrIoX,93.1,,,,,,
4Gul1VGYVv9b3tLPnrKMIK,150.3,,,,,,
0rRGYJSkI7v2VtxJv8n90m,157.8,,,,,,
4T5vqnVy8BkPC6WLJXZkWW,92.3,,,,,,
0AdxGmEhYOmOIvWpFWkz0h,87.0,,,,,,
7tkNvq13cK9DIzumptryvV,103.9,,,,,,
6qEgz3mIjsXt5Asq2Ayb1G,102.8,,,,,,
6sZbHD2ePpYG3L5Ptd0LPr,111.7,,,,,,
6PViGgcsQhLPSkMxgoRWLl,178.2,,,,,,
3b87pz57bXeDFzdEr7I5Ia,95.7,,,,,,
5EyxGLwy67Wh2gG9OwJDR5,103.9,,,,,,
5n7l51KIeFaCucKSfXGvip,177.4,,,,,,
6snVtMVw5rbscrdnxZ6vb1,130.8,,,,,,
1GIriLT2jFXfbyWK10hqAl,173.7,,,,,,
4bT6Gsvh0J3ANKjkbGKgFS,187.1,,,,,,
3oR8sRVByDYwIUUvA726Iq,182.9,,,,,,
1SwyDb5qUcLjukFqSCRqxy,123.0,,,,,,
7nXZCcFAy1oCKQG2SqLszv,171.6,,,,,,
0SxFyA4FqmEQqZVuAlg8lf,127.2,,,,,,
3Z2tPWiNiIpg8UMMoowHIk,145.1,,,,,,
1cAdKyP7Yi1ZaHDVhykviJ,79.8,,,,,,
11d9oUiwHuYt216EFA2tiz,116.1,,,,,,
1OH43YMmE9yLwUpHXIx8QN,113.6,,,,,,
6Sqq5fqaSQkFryQwYOFnAT,175.9,,,,,,
6Kahb5KRUp71mf7H1zmb6d,101.8,,,,,,
0kBMieFmZwrAh1T9e9agyQ,102.8,,,,,,
7ljjDcRCOeZgaGJnoqbyAQ,144.1,,,,,,
1Ezs8eYxuZjhlgyoI1Bo76,200.7,,,,,,
2uGd6vGGL96OPpxMmu6Lo7,108.2,,,,,,
3UJwEvKPrRKdrFRFpfj8Cw,107.9,,,,,,
1YRDMkJjCszkESpVAG9nK1,116.8,,,,,,
3jGDUEOUlOMabA2lGOB54d,116.5,,,,,,
3CzD34Qf8UAqQseHqk894q,113.6,,,,,,
1BRRxHOemfHiZ9UljcYrBs,156.6,,,,,,
3N47c94QAxnqE6XoMvxrPL,98.9,,,,,,
7nJuEpX0qlpKXxUK0ioIMj,138.3,,,,,,
0t9rybTkszvHSwJUmPOJpL,113.9,,,,,,
3L7XJdSpz64JXGx2HSeDdN,119.2,,,,,,
6LYO0X7MUa3S0hviuNXUi5,130.0,,,,,,
6Hn9ZU7hZKAh1HsYMA26o8,128.8,,,,,,
2n5aZQvjCsfXainlvphWei,105.7,,,,,,
0BoCuzEjDEcULyknBHf3Ii,94.0,,,,,,
1fJ863UqhSwWpqrkwkcATG,83.9,,,,,,
3XCMAU0crcDsDS0UFuEPF4,129.2,,,,,,
1UBJvypv5W1GNoplpc2EYl,133.8,,,,,,
2zqDnKKewT9yOGBxuNOktN,130.0,,,,,,
3JKLkQPlQ2Xtc49FWXq3Uh,187.1,,,,,,
00GW8H65D98szan4kAntlF,191.4,,,,,,
7bZdbyxBy0UpyxvLsyFFG8,185.4,,,,,,
4tQY23qguQd1NKeYmyVVPQ,160.9,,,,,,
5d4E1hgkLyb7sXr5J3InnM,124.9,,,,,,
0DEtwowgBnK2VBkmKA0249,83.9,,,,,,
1UdoFJDUHWu4oWH5JlwmDP,120.5,,,,,,
2XMjijS8aVAP1ztyNpVEy8,140.6,,,,,,
0I51ao062eJ2DacFhy33IK,117.5,,,,,,
3TiCuJiisBOB9HzKAM6FDG,93.3,,,,,,
6hAY2JpMunXrYqPRNleueg,118.5,,,,,,
31XY9me8c4q8FBEUK1bJdt,130.8,,,,,,
4w3tQBXhn5345eUXDGBWZG,106.6,,,,,,
6IAh4MjV3GRkvIHrCbUFWY,120.5,,,,,,
2gjQdYRk5A17t5pNxQXmuN,145.6,,,,,,
66kSAi3DsQO57gaifZC7tG,80.9,,,,,,
1gci2QBGH5nzPWePv6ATom,154.3,,,,,,
7MH6ix28HcBWYxuPq0sm6v,102.1,,,,,,
7wBfVgLHlr3GvCO6hqgRyu,110.8,,,,,,
21brTVDh5Y3B3mA4z5yyaU,116.1,,,,,,
28k5vDBFv6MiqaczThHNeD,183.8,,,,,,
73lzOeqHJSH8ddRls5GonC,93.5,,,,,,
40lKv5fLpzPHV1YQ7nrfMg,155.4,,,,,,
0vBtGdmfgquSa3iRIbsa25,168.1,,,,,,
6NK9sI0Lnsiwn6I0MbWWxn,168.8,,,,,,
07YVxuEYhZEBiTusd7kmP5,165.4,,,,,,
6dRBzey1CWxsyFtNKv6TyL,122.3,,,,,,
4me1ItKif2Ymxtey9T8iiO,133.8,,,,,,
2ZupVeLwN3sBNxxNcZUJgi,130.0,,,,,,
0zDZPOOG6xwhrlHB71K6B4,99.2,,,,,,
5o89Bf80t8ko3uNXJkYoVs,132.5,,,,,,
0YE6FuW9N2y8zR5fqZIeM8,127.2,,,,,,
2jto2mk883akXynLqkdung,100.8,,,,,,
19UFoFiFCs3rTyHKSbvhZk,157.2,,,,,,
4E3KvjCOX0wXjOkCoWA40J,142.6,,,,,,
5mBHcJ6yNXyYGLosWkuGqv,105.7,,,,,,
0FXknLgZs98w79JvULexcH,105.2,,,,,,
4N0TP4Rmj6QQezWV88ARNJ,200.7,,,,,,
1JweeRbJ87ViccTOW7cwz9,105.7,,,,,,
3BdUNbgPrWmM7FmSbRLTIv,136.0,,,,,,
5csdrJ0JtFn0qvwlvSh2EI,194.1,,,,,,
2uTGX4wxnRGS3i0FSOMGCQ,149.8,,,,,,
3dFR132gzO8jxD57R2gid3,77.3,,,,,,
5fQuqX1aC2lZaZbA6A6iAA,148.2,,,,,,
78His8pbKjbDQF7aX5asgv,114.8,,,,,,
06AHPqctDB9E0FdmZDazcc,132.9,,,,,,
174YvAb800yXcU2keQ3IkY,115.2,,,,,,
6hdxy67JqIATUt1EoqS4OW,167.4,,,,,,
3JYSTqNZesQYJGLo7oMc6q,125.3,,,,,,
5ruF1Y5naexriqC9dBxrtS,106.0,,,,,,
21ofWmLXDDYj9ksYsr90On,117.5,,,,,,
5Q2BpkTyjwDYWqTOf6PqgO,105.2,,,,,,
7kdqNN89dD1rvNpPLKZJjK,133.8,,,,,,
7u5jjxHVQNj4YXju9gmP8T,92.7,,,,,,
1e9huqPFbteN6gBWFhKrT0,129.6,,,,,,
5FXYSBwLUSWqeFzHLr7vj2,125.3,,,,,,
7BDiAK5fdhMSKtXbLx8QE3,119.1,,,,,,
142NEkj28qPIUQ2NuNUQF3,114.2,,,,,,
0FkUIysh68ZdHTgJkvmogL,105.5,,,,,,
0xK4N7r3aSDSWZfteFDzGq,130.8,,,,,,
0RnCUYXa7jhgTXtiMXF2PQ,131.7,,,,,,
5vvkZPk3Xe33jHr9NdV9EH,117.5,,,,,,
5Mhf6GA6G6ugP2x7mnAGyY,119.2,,,,,,
3HOgUlwPDsh0kEFnbr5EL5,108.5,,,,,,
4pCNJwixy2ImFncaPY2yE2,130.0,,,,,,
4zoZQvmST8gliv9S9L8lUw,95.7,,,,,,
2uwP4d0aVAo90aet6UnaRK,115.2,,,,,,
4M6R3udddptKfsnkr43beT,162.1,,,,,,
2flivK5ivlprHRE7YNcRrj,135.6,,,,,,
5hVUIKxRlrI00vzCkJBn8o,99.9,,,,,,
6hqfJcRiOmeNUu4WKbOExj,105.0,,,,,,
3XIEWK1V9n25PS9Vb6axj5,131.7,,,,,,
5o89Bf80t8ko3uNXJkYoVs,132.5,,,,,,
4vGQNeWAh2WKPYsqhp5wSg,140.6,,,,,,
3bwi7GilbsF9Y1lgrytUj2,121.4,,,,,,
71eYJRxhWIIundVINO3r1E,120.9,,,,,,
6owwZC8gUvrBuygvOHaYXb,124.2,,,,,,
6MN3vF1tGzG7nkAOLjK0YG,98.7,,,,,,
0HuRTyI3kEP5K1ecfVKRyP,110.0,,,,,,
7jii1d85nvskMEVV0OSWbf,139.2,,,,,,
03VJWrI1A8RnGA1VHi56h8,168.1,,,,,,
4xhFpWITWU1jtvH4qpukQS,125.3,,,,,,
3CYQjLbq7WLYnXEVToxC9V,124.5,,,,,,
1ePuI28sGPx7ROzKZBRbqS,153.1,,,,,,
1TX4h6MrIZ0K3r4OOG11WO,170.1,,,,,,
1tiCah4o6YU14touoenzBr,164.7,,,,,,
0b6klDHeNP6WGMdudb4aN4,169.4,,,,,,
74RgC6HLIdokB1sUKpNcAH,135.1,,,,,,
6YexKfUErlSSkWwAZfdqcX,103.9,,,,,,
4XRkQloZFcRrCONN7ZQ49Y,105.7,,,,,,
2Es7L5xt6GmxZSNoISTW1I,195.0,,,,,,
1p3E6y2NN9I8vWXeUlKAe6,167.4,,,,,,
1x2BI28BQUXLNSH7AWvkRK,155.4,,,,,,
2MQ23MqDI0N9IVy8iaZddc,118.5,,,,,,
4fw0xQu4c91pfDddmRxc4k,98.2,,,,,,
5KijDmx1nJvPnAgmQUubzk,129.6,,,,,,
4L5ag9C1m1gEAPs5KC3yuy,124.9,,,,,,
0iiF8EHfqOgYDVvzPVzdYX,118.5,,,,,,
4ouv9DWG3TLqbM7XqtcMYR,111.7,,,,,,
6zNPPFFrxmhpTQejOn1Wm1,104.9,,,,,,
3jtxmYMMUb7IhQZ9BfIbWx,121.2,,,,,,
6wheVgU5M6WWrq3Gr2KsF8,129.6,,,,,,
5k1lxfRYpFLL2J2KM8Emv7,123.8,,,,,,
1F3RXhN6pz8VeIde2o3Cef,128.0,,,,,,
0l9BjXMUwxN8QHmD8n7hFF,120.5,,,,,,
55LSFAoSFg6kq8jkhfE24I,108.8,,,,,,
2XJMcgIzo2cR0BSLYWDrMC,143.6,,,,,,
0HuRTyI3kEP5K1ecfVKRyP,110.0,,,,,,
2PrsbNw7ihlNTjnQw9E1NK,113.6,,,,,,
3GDM3x918Z9o9COKIdf4jc,189.7,,,,,,
1TX4h6MrIZ0K3r4OOG11WO,170.1,,,,,,
7EaTIQGkIcetasRZHrx4dC,154.8,,,,,,
5VHL3pHhL12Mjug8g8hAjt,100.1,,,,,,
6VLFqEgYAAEBKUnz7hTIhr,131.7,,,,,,
55YfUFfgTOdRvYsWUXhaTq,170.8,,,,,,
1PtAiLImQaqaGLcbMLnz4T,171.6,,,,,,
2GzUvuzlQXrNfrFVFSmbPz,116.8,,,,,,
4frelkLhC4ATqJH9VGJztu,141.6,,,,,,
6a899bXlCuViXW2Qs8Rdqo,102.6,,,,,,
1ynmMEK1fkyiZ6Z6F3ThEt,114.2,,,,,,
3koCCeSaVUyrRo3N2gHrd8,124.9,,,,,,
04ijIUVdT4Qy1SBWFUPROY,124.2,,,,,,
7aMHZ1RGBMByTI1acnqXX4,99.1,,,,,,
5sgVguJJlA7thC8ybAFOo5,158.4,,,,,,
6185s8HYhShN4Aj7YXltOu,155.4,,,,,,
2GBWPAsIXtC7NwULhUoHRf,118.1,,,,,,
4jh9olf0OKCokpzxSyLeJx,130.0,,,,,,
3SiP2knhdEMzoZtR6tKFw0,77.9,,,,,,
22OUIfVCLTDQOlhbYGENnw,130.4,,,,,,
5yHIHTCmT4Y5XdmUFUjX5r,138.3,,,,,,
6w6I3AFRv7tQMmUTgAghUB,134.2,,,,,,
3hleNo0sXhKORE3KjroSsW,87.0,,,,,,
58UEwo2r86awBBUSMZCP5X,115.8,,,,,,
6uwE5fSHWgkXnGtWIcdsm6,174.4,,,,,,
151yMcqucdZgDoEkZFmjNd,120.5,,,,,,
3nHCUaQ2ntVHNiBpPA52D2,99.9,,,,,,
1zl5xOvzInBy7esv1UAnrc,162.1,,,,,,
57goBNSlWZOTn2bLDm1L0s,124.9,,,,,,
0bPSATP6UuWhDys9UfUtyM,104.4,,,,,,
1ZkBmiGwJqcfjxZ1dGNwVH,112.0,,,,,,
4d2VOdbKfPt7wA7S5Hzn6x,99.9,,,,,,
11pJkEXM1lnmC9d3KLgH6H,96.4,,,,,,
13v3siPyvy5TTEZYmGPPse,119.8,,,,,,
6TzYJV7zORhhrLYxLkLzt4,101.6,,,,,,
79CHQ0H3qp18xRuDwGNuH5,132.5,,,,,,
17jYTy4xSSZwyxjNwWCty1,123.8,,,,,,
41dDygR3r7e926oGUXfrLt,110.5,,,,,,
0JDxPxHeSkkBsWVMmcwMYi,152.0,,,,,,
29U7stRjqHU6rMiS8BfaI9,106.8,,,,,,
5SFsenqWlLzPW2YZgGhUhl,132.5,,,,,,
618zsfLlNkwm3R6uADDC7x,198.8,,,,,,
3gAdXCoPRBhIGRoa7XdyUq,161.5,,,,,,
6Ns9geojou6wDMu9JoqzNC,111.4,,,,,,
2TeBzGa3vcoK7F1fRZgDZd,126.4,,,,,,
3psc0YzaxTtFUEbXQwyjAI,87.0,,,,,,
11lz5IuUrg2qVuNrGPRVq2,79.3,,,,,,
2WC7jconOwcUk1TPIrQZDx,113.6,,,,,,
4cd0jbzR4abc3d3xMAE3gM,146.6,,,,,,
7rtaBF3I7p491cxr3C5HyZ,128.4,,,,,,
0QBDsZH9PDnKVQBxEcefku,75.2,,,,,,
2uTGX4wxnRGS3i0FSOMGCQ,149.8,,,,,,
5RdhBLmB4DyFHLglRrfx63,93.5,,,,,,
6qNCLr8GOZOMZJKjfIhxiE,139.2,,,,,,
7vtaQNW7QHtQsLeshQlm3D,160.9,,,,,,
4spErQWs900r6GUJaX6kvk,126.0,,,,,,
3vZMkLS1jP7NdNhzqGfUSW,136.0,,,,,,
3y1t8LTCLlCfwIHDC7b0dq,163.4,,,,,,
0wtHjEAzLYYyGuk2WtpGwS,132.1,,,,,,
74JrSRW1FdHJ05lzufQ7qS,170.8,,,,,,
0QBDsZH9PDnKVQBxEcefku,75.2,,,,,,
2uTGX4wxnRGS3i0FSOMGCQ,149.8,,,,,,
5RdhBLmB4DyFHLglRrfx63,93.5,,,,,,
6qNCLr8GOZOMZJKjfIhxiE,139.2,,,,,,
7vtaQNW7QHtQsLeshQlm3D,160.9,,,,,,
4spErQWs900r6GUJaX6kvk,126.0,,,,,,
3vZMkLS1jP7NdNhzqGfUSW,136.0,,,,,,
3y1t8LTCLlCfwIHDC7b0dq,163.4,,,,,,
0wtHjEAzLYYyGuk2WtpGwS,132.1,,,,,,
74JrSRW1FdHJ05lzufQ7qS,170.8,,,,,,
0QBDsZH9PDnKVQBxEcefku,75.2,,,,,,
2uTGX4wxnRGS3i0FSOMGCQ,149.8,,,,,,
5RdhBLmB4DyFHLglRrfx63,93.5,,,,,,
6qNCLr8GOZOMZJKjfIhxiE,139.2,,,,,,
7vtaQNW7QHtQsLeshQlm3D,160.9,,,,,,
4spErQWs900r6GUJaX6kvk,126.0,,,,,,
3vZMkLS1jP7NdNhzqGfUSW,136.0,,,,,,
3y1t8LTCLlCfwIHDC7b0dq,163.4,,,,,,
0wtHjEAzLYYyGuk2WtpGwS,132.1,,,,,,
74JrSRW1FdHJ05lzufQ7qS,170.8,,,,,,
3UB2w0dNDycNWK1NfkC8aM,109.7,,,,,,
5t77UGzgSBRDDnaxJvE9R3,131.2,,,,,,
7AG5ds8XtXavTZkFfLt8Qq,121.6,,,,,,
7fYozX6MaNmfHoGW7bFTdK,119.8,,,,,,
3zj3QuEpzr9i3fquMaeRbg,117.5,,,,,,
350OSvFOq6nPPgfWLGe5oD,122.0,,,,,,
7xs38vW2h242zxVvT3ejr1,117.8,,,,,,
7cwYCwwmNkoxzi3fnVL4hl,117.5,,,,,,
0C4zk034TFnI2z8eorbv4K,109.7,,,,,,
5zYprLTn8pDR13FMOLaGOF,103.9,,,,,,
17OzfblzUJ5XHBeBUb95av,117.1,,,,,,
3zj3QuEpzr9i3fquMaeRbg,117.5,,,,,,
350OSvFOq6nPPgfWLGe5oD,122.0,,,,,,
7xs38vW2h242zxVvT3ejr1,117.8,,,,,,
7cwYCwwmNkoxzi3fnVL4hl,117.5,,,,,,
0C4zk034TFnI2z8eorbv4K,109.7,,,,,,
5zYprLTn8pDR13FMOLaGOF,103.9,,,,,,
17OzfblzUJ5XHBeBUb95av,117.1,,,,,,
3zj3QuEpzr9i3fquMaeRbg,117.5,,,,,,
350OSvFOq6nPPgfWLGe5oD,122.0,,,,,,
7xs38vW2h242zxVvT3ejr1,117.8,,,,,,
7cwYCwwmNkoxzi3fnVL4hl,117.5,,,,,,
0C4zk034TFnI2z8eorbv4K,109.7,,,,,,
5zYprLTn8pDR13FMOLaGOF,103.9,,,,,,
17OzfblzUJ5XHBeBUb95av,117.1,,,,,,
5vXsj8L4DK1gGQ43BBG028,123.0,,,,,,
4IZqQrcECMKcLxHWDzhzMV,134.2,,,,,,
1Gxaks4MTbjMCAQ20rx4Iy,101.3,,,,,,
0iDJKnBMKCT6hRI7P5pce7,115.5,,,,,,
0qi4b1l0eT3jpzeNHeFXDT,128.0,,,,,,
6HWNxAIbnZ2UkrV5HesviU,130.8,,,,,,
6CT0MVgHnoAUXrSrnlwfWx,110.5,,,,,,
72OrfuJ9RxfLCoqAMeKHCZ,103.9,,,,,,
0NcGozoBsFrLJzaqQyH7bL,113.6,,,,,,
5zYprLTn8pDR13FMOLaGOF,103.9,,,,,,
7f1jaIAFffaCl5Hs49HZAG,104.4,,,,,,
26OCWJsiCtUpP7MiBVJDTM,127.6,,,,,,
7pz57xzOPcelHlzoAXo0ph,166.7,,,,,,
2gOwA32FKNEPrV4Gf2AULE,106.0,,,,,,
6cQOt7vvyErBin5Po9w5M1,177.4,,,,,,
0bIQo3fG3fbI5g2S6uZFCx,146.6,,,,,,
1mhZGzfFctguu7wk5Sy734,137.4,,,,,,
4MmkqnajtF0g8URN9jgBuM,129.6,,,,,,
0s3isrrKeWtvAaIHSGHgWF,181.3,,,,,,
5Q9Ma9lId3zM1GS5bEFQcb,109.4,,,,,,
6K2H45mi4sIPnTZDSku24z,93.5,,,,,,
6Pkj4nv5K53i64cLVgkVyY,119.8,,,,,,
60Np1Ryo4kJtHk9uMRCj0P,136.0,,,,,,
74JrSRW1FdHJ05lzufQ7qS,170.8,,,,,,
3mQTPYezPCB9uUM3WpkIff,112.7,,,,,,
1aRrJewQmqU3wMUf86VVc6,112.3,,,,,,
1SjqD5q2WvpjOFIklP7sxD,150.9,,,,,,
0QBDsZH9PDnKVQBxEcefku,75.2,,,,,,
4fN44oV5yhUEt6NDSDCLBS,123.0,,,,,,
1W51a25vcNYcO3d4oM62L6,165.4,,,,,,
79eNiy8GqOx646aVCNtPd1,120.5,,,,,,
4UqPeeSyRt59KZmC0aA2Ni,149.8,,,,,,
1OAuz1PfVeKyHnHmHGSFyO,195.9,,,,,,
6RANU8AS5ICU5PEHh8BYtH,118.8,,,,,,
51qi5dgc9CsotM87GmRkAX,122.3,,,,,,
7LsD36exf1dVsSicJQMOKF,122.7,,,,,,
4d7BXouszZpMtSOcTAJV44,129.6,,,,,,
6Kb11JDvHROtQ2tcDl3Vbr,134.2,,,,,,
0dl1eMNLKja8mJD6kMbWD1,181.3,,,,,,
6pztTQcofMIFVkkwVDg4zh,110.8,,,,,,
4yrsmFpDXhrvSC5JVKhaX8,88.5,,,,,,
4Xpcc3dKFXkqisRuFwio9N,126.4,,,,,,
3BZHR1AKEk9EwDx7uQBcg9,175.9,,,,,,
7h8F3CMFnK7leBQuJ7btLf,186.2,,,,,,
4t9IGV3aB4ONizgwAZldmz,148.2,,,,,,
6fCFRr67oFg3wdda2559Cr,198.8,,,,,,
6Fot6QrrF3FL2BiuQ1vuiZ,119.8,,,,,,
4ipc1Wpcj2IBhLJCCAKgBg,135.6,,,,,,
6pS51ZcuekwVsa5O4tKvlh,176.7,,,,,,
2moGHNaU8a4j1iowyOiYnF,160.9,,,,,,
1TBjjMSSiUYBh08cCcPjGT,99.1,,,,,,
4V6xPT5tTDARClFEhzAjCR,126.4,,,,,,
50PeqUz1BjMw9ayNTk5O4d,113.6,,,,,,
1BRRxHOemfHiZ9UljcYrBs,156.6,,,,,,
0TveaV3EBYBLNTqhTsSmlu,80.9,,,,,,
7eheoW4hxrH51ww2QePVwF,114.5,,,,,,
5kH4asDQDDXb9qXbfKEXlP,140.1,,,,,,
3ZKuewq3TzfIlgKgETOk9P,142.1,,,,,,
5Phy3qS90Q5I8DGcTxmSIL,160.2,,,,,,
6UHBjt96oD39bSyIxVkMAa,106.3,,,,,,
3koCCeSaVUyrRo3N2gHrd8,124.9,,,,,,
1UvpQB8F2riBElL5bxlD6Q,127.2,,,,,,
4O1hNBfX9Ze7SSYnvJdTlI,134.2,,,,,,
636zOfAbRFPzeSImlRS3cm,132.5,,,,,,
1NT76WD8FONQqTXKZ4MIRT,172.3,,,,,,
61u9UPi7vam1tP71XpFuG0,164.1,,,,,,
6Ho9ot8oIwbBpWqI3lxEzM,110.5,,,,,,
62YP3NEB4FVPJ90XcgJQKS,144.1,,,,,,
5I8DslpztOwOpwERbGGDTC,98.0,,,,,,
08i3e5bb0ZPxptFOzQezQT,184.6,,,,,,
38qnLLJL3vZxSLHZ2AKOta,89.7,,,,,,
2vYGKdVr0zfQi41Bb0B5C5,174.4,,,,,,
4UWDiBISWABN9nPmEJgG1I,151.4,,,,,,
6KF16cq0OSImsGUXZYtKjP,144.6,,,,,,
5rAvnufDZcYNltL4J3cD0F,164.1,,,,,,
4M0m4FUdc4wD2guhUHogLF,153.7,,,,,,
5d4E1hgkLyb7sXr5J3InnM,124.9,,,,,,
0spN4UlSI0X6YSYCWpSzgz,136.0,,,,,,
1MTGJIGPXjT5VeyNIyyFHi,110.2,,,,,,
4v2rkl1mC3zVAz0nXMx9r4,114.5,,,,,,
5ljGmNLjvQZm2hw8cDJXNJ,138.7,,,,,,
2G45PTO0O8ZaPxNjfq4Syo,127.6,,,,,,
5glrDFQKeKwntPjzkCh5qW,132.1,,,,,,
4ADW3HBraqvlFcxRlcRyoK,120.9,,,,,,
29sk7ZVXdJvE7AOnBg0DmP,110.5,,,,,,
0cIJo9b4Po1NuuiObDAmU6,100.3,,,,,,
1eM11mSb8RuTc4PhhI34QC,95.3,,,,,,
6P2lntEX32VCDfkmPHrpxU,109.4,,,,,,
73nYjLyEtNZHRyDtIFFQIC,122.0,,,,,,
6hp0Fj9oiZvWr7eoFs2U64,135.6,,,,,,
20Q0NtoQWJZn6UIMADyHkO,139.2,,,,,,
1FZGrEkvW84sw8LCm3usyZ,117.5,,,,,,
58XWGx7KNNkKneHdprcprX,124.2,,,,,,
0r1xv8QtTQxW4PoCxPNjlH,159.0,,,,,,
1TfqLAPs4K3s2rJMoCokcS,125.3,,,,,,
2sIbHjfJ3nbMXNz4w03fWv,111.7,,,,,,
3BSoskNONnjn05yRO2tYFX,160.9,,,,,,
5p3JunprHCxClJjOmcLV8G,105.7,,,,,,
41dDygR3r7e926oGUXfrLt,110.5,,,,,,
53tgVAmOSWPLlV6AEOi77d,142.1,,,,,,
029NqmIySn1kOY305AAhxT,96.4,,,,,,
6KFi8BsQQUWTiYqqHz6Hn4,86.0,,,,,,
63DTXKZi7YdJ4tzGti1Dtr,109.7,,,,,,
7HOb4eENQ4vqLzifMYwu35,179.8,,,,,,
1mr9ZUNWfCUClBDhYbCErx,145.1,,,,,,
7LNP6YNYDeMgBeG4JBfAdq,104.1,,,,,,
78FHUZRbFDCG6VkRAQdFLm,99.2,,,,,,
0sKfhhj6hYyJIXnTiZV9vf,182.9,,,,,,
2Mi5ZPUJ24s6QallaXvUXI,132.5,,,,,,
21kGn1KmvQmHzmLFIoI9YB,144.6,,,,,,
3G0ENKW9vzV0SuYKaWFflI,86.5,,,,,,
1sgMo3mjFB8mA7KLzETTeO,145.1,,,,,,
1d00tEfkM2450ndQWLXqpW,100.6,,,,,,
4KbTvPy0QsCbrNagDa6Jfc,92.9,,,,,,
7de91j1ffIrsaQInG9PrzC,106.0,,,,,,
4EppdPkuuhXNp57I9wMsn0,109.7,,,,,,
6VytghyyoU2MHudQ9mSEP0,195.9,,,,,,
3d6UefBBvhqHxJLZdm8scF,139.2,,,,,,
16qu3jg0y80FZjZyWPEyyy,129.2,,,,,,
7EY2bfoxeQuL9Hy0bMlutH,113.6,,,,,,
3jY86D8XAaCPOakmCMvrir,193.2,,,,,,
4IjCqmGYhM7Tf770ege4e0,111.4,,,,,,
3XldJEnEhZq0Wlo5Y7zeM2,95.3,,,,,,
0jWgAnTrNZmOGmqgvHhZEm,134.2,,,,,,
3jJZVeExYzVYiV6Y9Fl3DX,144.6,,,,,,
2kj5f1eRhUFhW6K0qUwoD8,143.6,,,,,,
2LjiPAQOVazT8sRyXL3XRs,98.2,,,,,,
0ZhU7GLKxn12YkJouGasuM,123.0,,,,,,
4t0UsYzmmmZRMTWn77jiGF,120.2,,,,,,
0hXIFvu87dKASGvaLazAjf,98.0,,,,,,
041ABl7CuQnTuBYmuzzsRm,191.4,,,,,,
4kRMsLX7bJqjIfK44qJ9h6,124.5,,,,,,
4M5dfqkrPSmhsjkDNLaPpm,184.6,,,,,,
6d4XP98nTswxMycT6fdZNN,110.5,,,,,,
0mjXSVZhfiDIsANbj8bGgi,116.1,,,,,,
6mWHL56zP71JLb1n2Xfchg,117.5,,,,,,
4gWUyoVMKDISZ9NZUFtnk4,127.2,,,,,,
1PXH8AAA8xFxcUJp9sbX2q,122.3,,,,,,
7id2eUanqPKnZlnJ6ehsz4,124.5,,,,,,
2IB6UYpGAFtP2H0YJCWpcw,122.3,,,,,,
5s2y9OzwWU7V82IeNTvMad,134.9,,,,,,
0FQ0yAC9l7PhkAjpLPcn0o,157.2,,,,,,
3R5DI18t7H5yin2OXxQ03x,155.4,,,,,,
0Igds9TFuNKLkCweoBGaPS,135.6,,,,,,
37X9uwEeWnlSOlrMyjXOi7,76.8,,,,,,
1oYTxppXKBAAWZyZcOcug3,143.6,,,,,,
3elP66qkaTnPpnLDTrVHik,111.1,,,,,,
7oR2quSsW5O7YmUC7HmwiV,113.9,,,,,,
5DPqSxmATwYNzayEGfPxmq,115.8,,,,,,
5wq7C6YQUqeMMrIteHhHCs,120.5,,,,,,
29i3duDN8VoerXeB7PfeNj,105.0,,,,,,
2upSS5E9L1NvRmxr6Yxtnj,144.1,,,,,,
677tTabxmQFZjoNlo2E6JW,173.7,,,,,,
0KCCNoVVXBatkTRvKOEf2t,103.9,,,,,,
0vH5dk91IEnt23HNaffjpI,113.9,,,,,,
62LJFaYihsdVrrkgUOJC05,111.4,,,,,,
4H7h0cOFdejWUfVXCQOPtJ,133.8,,,,,,
6KFi8BsQQUWTiYqqHz6Hn4,86.0,,,,,,
0TaT50ZZxT4ytZxuqkE3A9,176.7,,,,,,
4mOLsya7jOsaONExOxpryV,114.8,,,,,,
5LkcAjqj5NOctNGi2qUjlw,116.5,,,,,,
4sr4NdrPfds9Qfors9UkiO,101.3,,,,,,
5RjnF5iodinoI2HK7hACxF,123.4,,,,,,
2EGaDf0cPX789H3LNeB03D,108.5,,,,,,
4kOfxxnW1ukZdsNbCKY9br,97.7,,,,,,
3YdKJzcoMZMacISlpY4QoP,178.2,,,,,,
2CIDqYfIYfl9vx02wIyCG9,95.0,,,,,,
399Hm1oqfzzQaZRu3CtVMb,169.4,,,,,,
6aOFdNRGDwLeMsKCRbtijm,132.9,,,,,,
2ThmEM6C0pq6bwKtDz8BBM,133.8,,,,,,
1J1Wz0UPt4NPp4MMwSJCcz,140.2,,,,,,
0mtR8vQqRvJUh0Zca4qkvE,136.0,,,,,,
0hrBpAOgrt8RXigk83LLNE,97.0,,,,,,
008xpsKuB8S6sFnqXorV4w,132.9,,,,,,
0XdjqddMw38xx16aOTpg5X,128.8,,,,,,
3eYCJXTViFwl5mdtcTsF4G,180.5,,,,,,
1Qwzw8hbVa28uXYxHeamaT,168.1,,,,,,
0ikz6tENMONtK6qGkOrU3c,81.5,,,,,,
5hXEcqQhEjfZdbIZLO8mf2,114.8,,,,,,
6p1Qx7OCBdZ2HRJr0PXDpM,104.7,,,,,,
5r5s1o2BFnuO1zJhhBCZP9,113.6,,,,,,
6jwFk7dgJ375boghxrX0qt,111.4,,,,,,
1AAQ5zCDT9tWVmWlC1mhYs,153.7,,,,,,
2Eoora8Y3EUgg8a5EahTul,158.4,,,,,,
22nxjCmNys2OufFNH2DXsW,152.0,,,,,,
6Ln1BomXTYyVQQaxqVSzjQ,113.0,,,,,,
05HOrPFp7dBFByQD4TNoN2,119.8,,,,,,
1rGISpbh74BGDsQsLoR6i8,106.0,,,,,,
7bWd8s2gIvDo4n7LmnZsu4,116.8,,,,,,
1cSgQtGFvr7QD38xiXEg2a,118.1,,,,,,
3h9CCiFKCU0Zm0VhhL3RU8,109.1,,,,,,
6fbrG9YHLPUrVRIaeDQjLq,149.3,,,,,,
2yoLbn93q5h70DiLtLHXm3,96.8,,,,,,
5F3YhzxPEm1K1bSuIvvJtM,107.1,,,,,,
1AsmlOZlQq8k1uxGeRY91W,201.7,,,,,,
1eQpKqH1sEecyiTKEXuErI,153.1,,,,,,
1gfug6uaBPRZukkWxxsTrr,115.5,,,,,,
05HOrPFp7dBFByQD4TNoN2,119.8,,,,,,
1rGISpbh74BGDsQsLoR6i8,106.0,,,,,,
7bWd8s2gIvDo4n7LmnZsu4,116.8,,,,,,
1cSgQtGFvr7QD38xiXEg2a,118.1,,,,,,
3h9CCiFKCU0Zm0VhhL3RU8,109.1,,,,,,
6fbrG9YHLPUrVRIaeDQjLq,149.3,,,,,,
2yoLbn93q5h70DiLtLHXm3,96.8,,,,,,
5F3YhzxPEm1K1bSuIvvJtM,107.1,,,,,,
1AsmlOZlQq8k1uxGeRY91W,201.7,,,,,,
1eQpKqH1sEecyiTKEXuErI,153.1,,,,,,
1gfug6uaBPRZukkWxxsTrr,115.5,,,,,,
1nLv86pATFS7NZIvW5YdjG,132.9,,,,,,
26vMFzewSu4D9FXCH1xbXY,189.7,,,,,,
12zKCjmL0H0nr0OCxVuZSG,121.6,,,,,,
4Hkus7W4Tq3RJMPccnQA5C,130.0,,,,,,
3JKLhU6W7pqyDGZqYQuP4p,102.3,,,,,,
2zBemdt6Yfw1qmdfmCK43G,105.7,,,,,,
18fjjP9gQL9VCHM0Lgso6a,120.9,,,,,,
6QHkFk5jvDkcoPSFYOlKJy,147.1,,,,,,
6FlgWXZsVbe9ENBph37Kt0,102.1,,,,,,
54qhidL4HNGsxJO1Omm57I,146.6,,,,,,
